Workbook

Sheet Report 1
A1: BÁO CÁO CÁC CÔNG VIỆC CHUNG PHÒNG BIM
A2: STT | B2: Công việc chính | C2: Tổng số đầu việc | D2: Số đầu việc đang thực hiện | E2: Số đầu việc hoàn thành | F2: Số đầu việc tạm dừng | G2: Số đầu việc quá hạn
A3: 1 | B3: Xây dựng HTTC BIM | C3: =SUM(D3:G3) -> 40 | D3: 10 | E3: 10 | F3: 10 | G3: 10
A4: 2 | B4: Đào tạo BIM | C4: =SUM(D4:G4) -> 44 | D4: 11 | E4: 11 | F4: 11 | G4: 11
A5: 3 | B5: Quản lý BIM | C5: =SUM(D5:G5) -> 48 | D5: 12 | E5: 12 | F5: 12 | G5: 12
A6: 4 | B6: Thanh tra BIM | C6: =SUM(D6:G6) -> 52 | D6: 13 | E6: 13 | F6: 13 | G6: 13
A7: 5 | B7: Phát triển BIM Tools | C7: =SUM(D7:G7) -> 56 | D7: 14 | E7: 14 | F7: 14 | G7: 14
A8: 6 | B8: Quản lý phần mềm | C8: =SUM(D8:G8) -> 60 | D8: 15 | E8: 15 | F8: 15 | G8: 15

Sheet Report 2
A1: BÁO CÁO CÁC CÔNG VIỆC PHÒNG BIM (XD-MEP/HT)
A2: STT | B2: Công việc chính | C2: Tổng số đầu việc | D2: Số đầu việc đang thực hiện | E2: Số đầu việc hoàn thành | F2: Số đầu việc tạm dừng | G2: Số đầu việc quá hạn
A3: 1 | B3: Xây dựng HTTC BIM | C3: =SUM(D3:G3) -> 40 | D3: 10 | E3: 10 | F3: 10 | G3: 10
A4: 2 | B4: Đào tạo BIM | C4: =SUM(D4:G4) -> 44 | D4: 11 | E4: 11 | F4: 11 | G4: 11
A5: 3 | B5: Quản lý BIM | C5: =SUM(D5:G5) -> 48 | D5: 12 | E5: 12 | F5: 12 | G5: 12
A6: 4 | B6: Thanh tra BIM | C6: =SUM(D6:G6) -> 52 | D6: 13 | E6: 13 | F6: 13 | G6: 13
A7: 5 | B7: Phát triển BIM Tools | C7: =SUM(D7:G7) -> 56 | D7: 14 | E7: 14 | F7: 14 | G7: 14
A8: 6 | B8: Quản lý phần mềm | C8: =SUM(D8:G8) -> 60 | D8: 15 | E8: 15 | F8: 15 | G8: 15

Sheet Report 3
A1: BÁO CÁO CÁC CÔNG VIỆC TỪNG NHÂN SỰ
A2: STT | B2: Nhân sự | C2: Tổng số đầu việc | D2: Số đầu việc đang thực hiện | E2: Số đầu việc hoàn thành | F2: Số đầu việc tạm dừng | G2: Số đầu việc quá hạn
A3: 1 | C3: =SUM(D3:G3) -> 40 | D3: 10 | E3: 10 | F3: 10 | G3: 10
A4: 2 | C4: =SUM(D4:G4) -> 44 | D4: 11 | E4: 11 | F4: 11 | G4: 11
A5: 3 | C5: =SUM(D5:G5) -> 48 | D5: 12 | E5: 12 | F5: 12 | G5: 12
A6: 4 | C6: =SUM(D6:G6) -> 52 | D6: 13 | E6: 13 | F6: 13 | G6: 13
A7: 5 | C7: =SUM(D7:G7) -> 56 | D7: 14 | E7: 14 | F7: 14 | G7: 14
A8: 6 | C8: =SUM(D8:G8) -> 60 | D8: 15 | E8: 15 | F8: 15 | G8: 15
A9: 7
A10: 8
A11: 9
A12: 10
A13: 11
A14: 12
A15: 13
A16: 14
A17: 15
A18: 16
A19: 17
A20: 18
... A27: 25

Sheet Report 4
A1: BÁO CÁO ĐỊNH MỨC CÁC CÔNG VIỆC TỪNG NHÂN SỰ
A2: STT | B2: Nhân sự | C2: Khởi tạo mô hình BIM | D2: Tạo lập mô hình BIM TKCS nộp CQNN | E2: Tạo lập mô hình BIM TKKT/FEED nộp CQNN | F2: Tạo lập mô hình BIM TKBVTC | G2: Tạo lập thư viện | H2: KSCL mô hình BIM | I2: Tổng hợp số liệu QH | J2: Tổng hợp số liệu TT | K2: Triển khai HS TKCS | L2: Cập nhật thông tin mô hình BIM | M2: Xuất khối lượng từ mô hình BIM
A3: 1 | B3: Hà Minh Luân | C3: 10 | D3: 10 | E3: 10 | F3: 10 | G3: 10 | H3: 10 | I3: 10 | J3: 10 | K3: 10 | L3: 10 | M3: 10
A4: 2 | B4: Mai Hồng Hạnh | C4: 10 | D4: 10 | E4: 10 | F4: 10 | G4: 10 | H4: 10 | I4: 10 | J4: 10 | K4: 10 | L4: 10 | M4: 10
A5: 3 | B5: Lý Huy Thành | C5: 10 | D5: 10 | E5: 10 | F5: 10 | G5: 10 | H5: 10 | I5: 10 | J5: 10 | K5: 10 | L5: 10 | M5: 10
A6: 4 | B6: Nguyễn Hải Nam | C6: 10 | D6: 10 | E6: 10 | F6: 10 | G6: 10 | H6: 10 | I6: 10 | J6: 10 | K6: 10 | L6: 10 | M6: 10
A7: 5 | B7: Đỗ Minh Ngọc | C7: 10 | D7: 10 | E7: 10 | F7: 10 | G7: 10 | H7: 10 | I7: 10 | J7: 10 | K7: 10 | L7: 10 | M7: 10
A8: 6 | B8: Trần Văn Diện | C8: 10 | D8: 10 | E8: 10 | F8: 10 | G8: 10 | H8: 10 | I8: 10 | J8: 10 | K8: 10 | L8: 10 | M8: 10
A9: 7 | B9: Đặng Minh Quang | C9: 10 | D9: 10 | E9: 10 | F9: 10 | G9: 10 | H9: 10 | I9: 10 | J9: 10 | K9: 10 | L9: 10 | M9: 10
A10: 8 | B10: Trần Văn Toản | C10: 10 | D10: 10 | E10: 10 | F10: 10 | G10: 10 | H10: 10 | I10: 10 | J10: 10 | K10: 10 | L10: 10 | M10: 10
A11: 9
A12: 10
A13: 11
A14: 12
A15: 13
A16: 14
A17: 15
A18: 16
A19: 17
A20: 18
A21: 19
A22: 20
... A27: 25

Sheet Data
A1: DATA CÔNG VIỆC
A2: STT | B2: Xây dựng HTTC BIM | E2: Đào tạo BIM | H2: Quản lý BIM | L2: Thanh tra BIM | M2: Phát triển BIM Tools | P2: Quản lý phần mềm | S2: Công việc khác | V2: Other
B3: Level 2 | C3: Level 3 | D3: Level 5 | E3: Level 2 | F3: Level 3 | G3: Level 5 | H3: Level 2 | I3: Level 3 | J3: Quy mô công trình | K3: Level 5 | L3: Level 5 | M3: Level 2 | N3: Level 3 | O3: Level 5 | P3: Level 2 | Q3: Level 3 | R3: Level 5 | S3: Level 2 | T3: Level 3 | U3: Level 5 | V3: Bộ môn | W3: Giai đoạn | X3: Mức độ ưu tiên | Y3: Nhân sự
A4: 1 | B4: Quy định | C4: Quy định triển khai BIM | D4: Rà soát | E4: HTTC BIM | F4: HTTC BIM | G4: Khảo sát nhu cầu | H4: All | I4: All | J4: N/A | K4: Set up hệ thống DR3 | L4: Đánh giá KSCL mô hình | M4: Revit | N4: Ván khuôn | O4: Ghi nhận yêu cầu và tìm hiểu nghiệp vụ | R4: Khảo sát nhu cầu và cân đối số lượng | S4: Công việc khác | T4: Công việc khác | U4: Setup hệ thống quản lý công việc | V4: BIM | W4: Concept | X4: Cao | Y4: All
A5: 2 | B5: Các phụ lục | C5: Phụ lục 1_Tiến trình phối hợp mô hình BIM giữa các bộ phận | D5: Biên soạn mới | E5: CDE | F5: Quản lý HSTK | G5: Lập kế hoạch và chương trình | H5: B.DSHNQN.DMF | I5: Bãi đỗ tàu qua đêm Cổ Loa | J5: Điền tổng Diện tích sàn | K5: KSCL DR3 | L5: Lấy ý kiến xác nhận lỗi | M5: Revit | N5: Công cụ định vị | O5: Lên và Trình PD phương án | R5: Lập ngân sách trang bị PM | U5: Họp nội bộ | V5: BIM XD | W5: TKCS | X5: Trung bình | Y5: Hà Minh Luân
A6: 3 | B6: Các phụ lục | C6: Phụ lục 2_Cấu trúc và phân quyền thư mục các dự án trên Server VTK | E6: CDE | F6: Quản lý HSTC | G6: Triển khai đào tạo | H6: B.DSHNQN.DMF | I6: Depot Hạ Long Xanh | J6: Điền tổng Diện tích sàn | K6: Set up hệ thống CDE | L6: Lập BB XLVP | M6: Revit | N6: ViewSheets(Tạo Sheets) | O6: Thực hiện Code | R6: Trình PD chủ trương trang bị PM | U6: Họp với BP khác | V6: BIM MEPF | W6: FEED | X6: Thấp | Y6: Mai Hồng Hạnh
A7: 4 | B7: Các phụ lục | C7: Phụ lục 3_Cấu trúc và phân quyền thư mục CDE | E7: CDE | F7: Mô đun 3 | G7: Tổ chức thi và đánh giá | H7: B.DSHNQN.STA | I7: Nhà ga Cổ Loa | J7: Điền tổng Diện tích sàn | K7: KSCL CDE | M7: Revit | N7: Đào/Đặp | O7: Chạy thử và Đánh giá | R7: Thẩm định giá và bổ nhiệm NCC | V7: BIM HT | W7: TKKT | Y7: Lý Huy Thành
A8: 5 | B8: Các phụ lục | C8: Phụ lục 4_Các quy trình phê duyệt hồ sơ trên CDE | E8: Công cụ tạo lập mô hình | F8: Revit cơ bản | G8: Báo cáo đào tạo | H8: B.DSHNQN.STA | I8: Nhà ga Gia Bình | J8: Điền tổng Diện tích sàn | K8: Điều phối CDE | M8: Revit | N8: Selection Tools | O8: Fix lỗi | R8: Lập PR-PO | V8: BIM IT | W8: TKBVTC | Y8: Nguyễn Hải Nam
A9: 6 | B9: Các phụ lục | C9: Phụ lục 5_Quy ước đặt tên tệp tin và đánh mã bản vẽ | E9: Công cụ tạo lập mô hình | F9: Revit nâng cao | H9: B.DSHNQN.STA | I9: Nhà ga Hạ Long Xanh | J9: Điền tổng Diện tích sàn | K9: Khởi tạo mô hình BIM | M9: Revit | N9: Select By Parameter | O9: Hướng dẫn sử dụng | R9: Ký kết HĐ | V9: KT | W9: Thi công | Y9: Đỗ Minh Ngọc
A10: 7 | B10: Các phụ lục | C10: Phụ lục 6_Quy trình kiểm khớp và ma trận va chạm mẫu | E10: Công cụ tạo lập mô hình | F10: Civil3D và InfraWorks | H10: B.DSHNQN.STA | I10: Nhà ga Ninh Xá | J10: Điền tổng Diện tích sàn | K10: Tạo lập mô hình BIM | M10: Revit | N10: Highlight Model | O10: Xuất bản | R10: BB nghiệm thu | V10: KC | W10: Hoàn công | Y10: Trần Văn Diện
A11: 8 | B11: Các phụ lục | C11: Phụ lục 7_Quy định màu sắc các đối tượng trong mô hình BIM | E11: Công cụ phối hợp mô hình | F11: Navisworks | H11: B.DSHNQN.STA | I11: Nhà ga Yên Tử | J11: Điền tổng Diện tích sàn | K11: Tạo lập thư viện | M11: Revit | N11: Tag Plantings | R11: Thanh toán cho NCC | V11: DI | W11: Vận hành | Y11: Đặng Minh Quang
A12: 9 | B12: Các phụ lục | C12: Phụ lục 8_Các khung nhìn mẫu View Template | E12: BIM Tools | F12: BIM Tools | H12: B.HNO.GL.VSC | I12: Trường PTLC hệ Cambride Lô B5-TH01 | J12: Điền tổng Diện tích sàn | K12: KSCL mô hình BIM | M12: Revit | N12: Central File | R12: Phân phối License | V12: DN | Y12: Trần Văn Toản
A13: 10 | B13: Các phụ lục | C13: Phụ lục 9_Quy ước đánh mã Tỉnh Thành phố | H13: B.HNO.GL.VUNI | I13: Trường Vinuni - Tòa M | J13: Điền tổng Diện tích sàn | K13: Điều phối BIM | M13: Revit | N13: Auto Place | V13: NU | Y13: Vũ Thị Thêu
A14: 11 | B14: Các phụ lục | C14: Phụ lục 10_Tiêu chuẩn LOD cho Kiến trúc | H14: B.HNO.GL.VUNI | I14: Trường Vinuni - Tòa P | J14: Điền tổng Diện tích sàn | K14: Tổng hợp số liệu QH | M14: Revit | N14: Auto Joins | V14: PC | Y14: Ngô Tuấn Vũ
A15: 12 | B15: Các phụ lục | C15: Phụ lục 11_Tiêu chuẩn LOD cho Kết cấu | H15: B.HNO.GL.VUNI | I15: Trường Vinuni - Tòa Q, R, S | J15: Điền tổng Diện tích sàn | K15: Tổng hợp số liệu TT | M15: Revit | N15: Assign Level | V15: DH | Y15: Nguyễn Văn Hải
A16: 13 | B16: Các phụ lục | C16: Phụ lục 12_Tiêu chuẩn LOD cho MEP | H16: B.HNO.GL.VUNI | I16: Trường Vinuni - Tòa T (KTX) | J16: Điền tổng Diện tích sàn | K16: Triển khai HS TKCS | M16: Revit | N16: Tag Rooms | V16: HT | Y16: Lê Huy Toàn
A17: 14 | B17: Các phụ lục | C17: Phụ lục 13_Tiêu chuẩn LOD cho hạ tầng | H17: B.HNO.GL.VUNI | I17: Trường Vinuni - Tòa U (KTX) | J17: Điền tổng Diện tích sàn | K17: Cập nhật thông tin mô hình BIM | M17: Revit | N17: View Range | V17: MEPF | Y17: Đặng Thái Sơn
A18: 15 | B18: Các phụ lục | C18: Phụ lục 14_Tiêu chuẩn LOD cho trackwork | H18: B.HNO.TMDM.VSC | I18: Trường Cambridge tại lô F3-PTTH1 | J18: Điền tổng Diện tích sàn | K18: Xuất khối lượng từ mô hình BIM | M18: Revit | N18: Auto Numbering | Y18: Phan Trường Giang
A19: 16 | B19: Các phụ lục | C19: Phụ lục 15_Tiêu chuẩn LOD cho Cầu | H19: B.HNO.VHCL.VSC | I19: A7-NT, A7-CS và PT-02 | J19: Điền tổng Diện tích sàn | M19: Revit | N19: Override CropView | Y19: Nguyễn Ngọc Cảnh
A20: 17 | B20: Các phụ lục | C20: Phụ lục 16_Phạm vi mô hình BIM và xuất khối lượng | H20: B.HNO.VHOHN.KS | I20: Lô đất B9-DV-02 | J20: Điền tổng Diện tích sàn | M20: Revit | N20: Remove Revit Link | Y20: Vũ Hải Phong
A21: 18 | B21: Các phụ lục | C21: Phụ lục 17_Checklist KSCL Mô hình | H21: B.HNO.VHOHN.SVD | I21: SVĐ lô đất TDTT01 | J21: Điền tổng Diện tích sàn | M21: Revit | N21: Update Element Properties | Y21: Tạ Bạch Hưng
A22: 19 | B22: Các phụ lục | C22: Phụ lục 18_Checklist KSCL CDE | H22: B.HPH.VYHP.VSC | I22: Trường VSC B2.THPT02 | J22: Điền tổng Diện tích sàn | M22: Revit | N22: Copy Elements From Link | Y22: Hoàng Bảo Sơn
A23: 20 | B23: Các phụ lục | C23: Phụ lục 19_Chi tiết phân loại các nhóm lỗi va chạm trong mô hình BIM | H23: B.HYE.NOXHHY.CT | I23: NOXH01 (04 tòa) | J23: Điền tổng Diện tích sàn | M23: Revit | N23: Export Schedules to Excel | Y23: Nguyễn Thế Anh
A24: 21 | B24: Các biểu mẫu | C24: Biểu mẫu 1_Mẫu tệp tin BEP cho các dự án áp dụng BIM | H24: B.HYE.NOXHHY.CT | I24: NOXH02 (09 tòa) | J24: Điền tổng Diện tích sàn | M24: Revit | N24: Export Sheets | Y24: Lê Văn Trí
A25: 22 | B25: Các biểu mẫu | C25: Biểu mẫu 2_Danh sách nhân sự của dự án | H25: B.HYE.NOXHHY.CT | I25: NOXH03 (05 tòa) | J25: Điền tổng Diện tích sàn | M25: Revit | N25: Xuất Familys | Y25: Nguyễn Tuấn Cường
A26: 23 | B26: Các biểu mẫu | C26: Biểu mẫu 3_Mẫu danh mục tệp tin và bản vẽ | H26: B.HYE.NOXHHY.CT | I26: NOXH04 (07 tòa) | J26: Điền tổng Diện tích sàn | M26: Revit | N26: Xuất Khối Lượng | Y26: Hoàng Đình Trung
A27: 24 | B27: Các biểu mẫu | C27: Biểu mẫu 4_Các bảng thống kê mẫu KT | H27: B.HYE.NOXHPH.NX | I27: Nhà xe BDX-01 | J27: Điền tổng Diện tích sàn | M27: Revit | N27: Convert Grid 3D to 2D | Y27: Nguyễn Văn Tuyên
A28: 25 | B28: Các biểu mẫu | C28: Biểu mẫu 5_Các bảng thống kê mẫu KC | H28: B.HYE.NOXHPH.NX | I28: Nhà xe BDX-05 | J28: Điền tổng Diện tích sàn | M28: Revit | N28: Bubble On/Off | Y28: Nguyễn Thanh Phương
A29: 26 | B29: Các biểu mẫu | C29: Biểu mẫu 6_Các bảng thống kê mẫu Điện | H29: B.HYE.PVF | I29: Nhà thi đấu TDTT03 | J29: Điền tổng Diện tích sàn | M29: Revit | N29: Transfer By Link
A30: 27 | B30: Các biểu mẫu | C30: Biểu mẫu 7_Các bảng thống kê mẫu Điện nhẹ | H30: B.HYE.PVF | I30: Sân vận động TDTT01 | J30: Điền tổng Diện tích sàn | M30: Revit | N30: Load Family
A31: 28 | B31: Các biểu mẫu | C31: Biểu mẫu 8_Các bảng thống kê mẫu Cấp thoát nước | H31: B.QNI.HLX.CT | I31: Hầm lô B03.2-CCCT-01 | J31: Điền tổng Diện tích sàn | M31: Revit | N31: Remove Filter
A32: 29 | B32: Các biểu mẫu | C32: Biểu mẫu 9_Các bảng thống kê mẫu ĐHTG | H32: B.QNI.HLX.CT | I32: Hầm lô B03.2-CCCT-02 | J32: Điền tổng Diện tích sàn | M32: Revit | N32: Chuyển giá trị Parameter
A33: 30 | B33: Các biểu mẫu | C33: Biểu mẫu 10_Các bảng thống kê mẫu PCCC | H33: B.QNI.HLX.CT | I33: Hầm lô B03.2-CCCT-03 | J33: Điền tổng Diện tích sàn | M33: Revit | N33: Tồng Hợp Số Liệu
A34: 31 | B34: Các biểu mẫu | C34: Biểu mẫu 11_Phiếu yêu cầu hỗ trợ BIM | H34: B.QNI.HLX.CT | I34: Hầm lô B03.4-CCCT-01 | J34: Điền tổng Diện tích sàn | M34: Revit | N34: Tag Diện Tích
A35: 32 | B35: Quy định công tác thanh tra BIM | C35: Quy định công tác thanh tra BIM | H35: B.QNI.HLX.CT | I35: Hầm lô B03.4-CCCT-02 | J35: Điền tổng Diện tích sàn | M35: Revit | N35: Move Tag to Center
A36: 33 | H36: B.QNI.HLX.CT | I36: Hầm lô B03.4-CCCT-03 | J36: Điền tổng Diện tích sàn | M36: Revit | N36: Room Finishing
A37: 34 | H37: B.QNI.HLX.CT | I37: Tháp Z35 | J37: Điền tổng Diện tích sàn | M37: Revit | N37: Wall By Boundary
A38: 35 | H38: B.QNI.HLXHL.VMM | I38: VC MEGAMALL LÔ ĐẤT B02.3-TMĐ-01 | J38: Điền tổng Diện tích sàn | M38: Revit | N38: Remove Paint
A39: 36 | H39: B.QNI.HLXHL.VP | I39: Tòa văn phòng 35 tầng (Lô đất B03.5-TMĐ-01) | J39: Điền tổng Diện tích sàn | M39: Revit | N39: Edit Layer
A40: 37 | H40: B.QNI.HLXHL.VSC | I40: Trường học các lô đất A2-MG-06, A2-TH-05, A2-CS-04 | J40: Điền tổng Diện tích sàn | M40: Revit | N40: Clear Duplicates
A41: 38 | H41: B.QNI.HLXHL.VSC | I41: Trường học lô đất PT-01 | J41: Điền tổng Diện tích sàn | M41: Revit | N41: Column Strength
A42: 39 | H42: B.QNI.HLXQY.NH | I42: Nhà hát Hạ Long Xanh | J42: Điền tổng Diện tích sàn | M42: Revit | N42: Wall/Core Strength
A43: 40 | H43: B.TQU.VPTQ.VP | I43: Lô C.TM11 | J43: Điền tổng Diện tích sàn | M43: Revit | N43: Hạ cao độ Cọc
A44: 41 | H44: N.DSHCMCG.STA | I44: Nhà Ga Bến Thành | J44: Điền tổng Diện tích sàn | M44: Revit | N44: Công cụ Tạo Lanh Tô
A45: 42 | H45: N.DSHCMCG.STA | I45: Nhà Ga Cần Giờ | J45: Điền tổng Diện tích sàn | M45: Revit | N45: AutoCad To Revit
A46: 43 | H46: N.HCM.CGIO.KS | I46: Khách sạn Grand Hyatt - A3.24.04 | J46: Điền tổng Diện tích sàn | M46: Revit | N46: Tạo bê tông lót
A47: 44 | H47: N.HCM.CGIO.KS | I47: Khách sạn M Gallery - B5.02.04 | J47: Điền tổng Diện tích sàn | M47: Revit | N47: Hạ Cote Sàn
... A70: 67 | H70: T.KHO.VPNT.KSMN | I70: Mẫu M6 | J70: Điền tổng Diện tích sàn | M70: Revit | N70: Up-Down Cable Tray
A71: 68 | M71: Revit | N71: Up-Down Conduit
A72: 69 | M72: Revit | N72: Copy Special
A73: 70 | M73: Revit | N73: Brand Pipe
A74: 71 | M74: Revit | N74: Axis Pipe
A75: 72 | M75: Revit | N75: Cap End
A76: 73 | M76: Revit | N76: MainPipe 1
A77: 74 | M77: Revit | N77: MainPipe 2A
A78: 75 | M78: Revit | N78: MainPipe 2B
A79: 76 | M79: Revit | N79: MainPipe 3A
A80: 77 | M80: Revit | N80: MainPipe 3B
A81: 78 | M81: Revit | N81: EQM Pipe 90
M82: Revit | N82: EQM Pipe 45
M83: Revit | N83: EQM Pipe 180
M84: Revit | N84: Siphon 90
M85: Revit | N85: Siphon 45
M86: Revit | N86: Siphon 180
M87: Revit | N87: Convert Siphon
M88: Revit | N88: Vent Pipe A
M89: Revit | N89: Vent Riser Pipe
M90: Revit | N90: Kết nối đầu phun
M91: Revit | N91: Tag Pipes
M92: Revit | N92: Rect Hanger Tool
M93: Revit | N93: Rod Hanger Tool
... M122: Revit | N122: Cắt bê tông
M221: CAD
M222: Revit
M223: Civil3D
M224: NavisWorks
M225: Desktop App
M226: Web App

Sheet Bảng 1
C1: BẢNG GIAO VIỆC XÂY DỰNG HTTC BIM
A2: Sum ID | B2: Sub ID | C2: Level 1 | D2: Level 2 | E2: Level 3 | F2: Level 4 | G2: Level 5 | H2: Mức độ ưu tiên | I2: Nhân sự thực hiện 01 | J2: Nhân sự thực hiện 02 | K2: Nhân sự thực hiện 03 | L2: Bắt đầu | M2: Kết thúc
A3: ="1."&D3&"."&B3 -> 1.Quy định.001 | B3: 001 | C3: Xây dựng HTTC BIM | D3: Quy định | E3: Quy định triển khai BIM | F3: BIM | G3: Rà soát | H3: Thấp | I3: All | L3: 46174 | M3: 46280
A4: ="1."&D4&"."&B4 -> 1.Các phụ lục.002 | B4: 002 | C4: Xây dựng HTTC BIM | D4: Các phụ lục | E4: Phụ lục 1_Tiến trình phối hợp mô hình BIM giữa các bộ phận | F4: BIM | G4: Rà soát | H4: Thấp | I4: All | L4: 46174 | M4: 46280
A5: ="1."&D5&"."&B5 -> 1.Các phụ lục.003 | B5: 003 | C5: Xây dựng HTTC BIM | D5: Các phụ lục | E5: Phụ lục 2_Cấu trúc và phân quyền thư mục các dự án trên Server VTK | F5: BIM | G5: Rà soát | H5: Thấp | I5: All | L5: 46174 | M5: 46280
A6: ="1."&D6&"."&B6 -> 1.Các phụ lục.004 | B6: 004 | C6: Xây dựng HTTC BIM | D6: Các phụ lục | E6: Phụ lục 3_Cấu trúc và phân quyền thư mục CDE | F6: BIM | G6: Rà soát | H6: Thấp | I6: All | L6: 46174 | M6: 46280
A7: ="1."&D7&"."&B7 -> 1.Các phụ lục.005 | B7: 005 | C7: Xây dựng HTTC BIM | D7: Các phụ lục | E7: Phụ lục 4_Các quy trình phê duyệt hồ sơ trên CDE | F7: BIM | G7: Rà soát | H7: Thấp | I7: All | L7: 46174 | M7: 46280
A8: ="1."&D8&"."&B8 -> 1.Các phụ lục.006 | B8: 006 | C8: Xây dựng HTTC BIM | D8: Các phụ lục | E8: Phụ lục 5_Quy ước đặt tên tệp tin và đánh mã bản vẽ | F8: BIM | G8: Rà soát | H8: Thấp | I8: All | L8: 46174 | M8: 46280
A9: ="1."&D9&"."&B9 -> 1.Các phụ lục.007 | B9: 007 | C9: Xây dựng HTTC BIM | D9: Các phụ lục | E9: Phụ lục 6_Quy trình kiểm khớp và ma trận va chạm mẫu | F9: BIM | G9: Rà soát | H9: Thấp | I9: All | L9: 46174 | M9: 46280
A10: ="1."&D10&"."&B10 -> 1.Các phụ lục.008 | B10: 008 | C10: Xây dựng HTTC BIM | D10: Các phụ lục | E10: Phụ lục 7_Quy định màu sắc các đối tượng trong mô hình BIM | F10: BIM | G10: Rà soát | H10: Thấp | I10: All | L10: 46174 | M10: 46280
A11: ="1."&D11&"."&B11 -> 1.Các phụ lục.009 | B11: 009 | C11: Xây dựng HTTC BIM | D11: Các phụ lục | E11: Phụ lục 8_Các khung nhìn mẫu View Template | F11: BIM | G11: Rà soát | H11: Thấp | I11: All | L11: 46174 | M11: 46280
A12: ="1."&D12&"."&B12 -> 1.Các phụ lục.010 | B12: 010 | C12: Xây dựng HTTC BIM | D12: Các phụ lục | E12: Phụ lục 9_Quy ước đánh mã Tỉnh Thành phố | F12: BIM | G12: Rà soát | H12: Thấp | I12: All | L12: 46174 | M12: 46280
A13: ="1."&D13&"."&B13 -> 1.Các phụ lục.011 | B13: 011 | C13: Xây dựng HTTC BIM | D13: Các phụ lục | E13: Phụ lục 10_Tiêu chuẩn LOD cho Kiến trúc | F13: BIM | G13: Rà soát | H13: Thấp | I13: All | L13: 46174 | M13: 46280
A14: ="1."&D14&"."&B14 -> 1.Các phụ lục.012 | B14: 012 | C14: Xây dựng HTTC BIM | D14: Các phụ lục | E14: Phụ lục 11_Tiêu chuẩn LOD cho Kết cấu | F14: BIM | G14: Rà soát | H14: Thấp | I14: All | L14: 46174 | M14: 46280
... A34: ="1."&D34&"."&B34 -> 1.Quy định công tác thanh tra BIM.032 | B34: 032 | C34: Xây dựng HTTC BIM | D34: Quy định công tác thanh tra BIM | E34: Quy định công tác thanh tra BIM | F34: BIM | G34: Rà soát | H34: Thấp | I34: All | L34: 46174 | M34: 46280

Sheet Bảng 2
C1: BẢNG GIAO VIỆC ĐÀO TẠO BIM
A2: Sum ID | B2: Sub ID | C2: Level 1 | D2: Level 2 | E2: Level 3 | F2: Level 4 | G2: Level 5 | H2: Mức độ ưu tiên | I2: Nhân sự thực hiện 01 | J2: Nhân sự thực hiện 02 | K2: Nhân sự thực hiện 03 | L2: Bắt đầu | M2: Kết thúc
A3: ="2."&D3&"."&B3 -> 2.Công cụ tạo lập mô hình.001 | B3: =TEXT(COUNTIFS($C$3:C3,C3,$D$3:D3,D3),"000") -> 001 | C3: Đào tạo BIM | D3: Công cụ tạo lập mô hình | E3: Revit cơ bản | F3: KT | G3: Lập kế hoạch và chương trình | H3: Cao | I3: Nguyễn Hải Nam | J3: Trần Văn Diện | L3: 46185 | M3: 46192
A4: ="2."&D4&"."&B4 -> 2.Công cụ tạo lập mô hình.002 | B4: =TEXT(COUNTIFS($C$3:C4,C4,$D$3:D4,D4),"000") -> 002 | C4: Đào tạo BIM | D4: Công cụ tạo lập mô hình | E4: Revit cơ bản | F4: KT | G4: Triển khai đào tạo | H4: Cao | I4: Nguyễn Hải Nam | J4: Trần Văn Diện
A5: ="2."&D5&"."&B5 -> 2.Công cụ tạo lập mô hình.003 | B5: =TEXT(COUNTIFS($C$3:C5,C5,$D$3:D5,D5),"000") -> 003 | C5: Đào tạo BIM | D5: Công cụ tạo lập mô hình | E5: Revit cơ bản | F5: KT | G5: Tổ chức thi và đánh giá | H5: Cao | I5: Nguyễn Hải Nam | J5: Trần Văn Diện
A6: ="2."&D6&"."&B6 -> 2.Công cụ tạo lập mô hình.004 | B6: =TEXT(COUNTIFS($C$3:C6,C6,$D$3:D6,D6),"000") -> 004 | C6: Đào tạo BIM | D6: Công cụ tạo lập mô hình | E6: Revit cơ bản | F6: KT | G6: Báo cáo đào tạo | H6: Cao | I6: Nguyễn Hải Nam | J6: Trần Văn Diện
A7: ="2."&D7&"."&B7 -> 2.Công cụ tạo lập mô hình.005 | B7: =TEXT(COUNTIFS($C$3:C7,C7,$D$3:D7,D7),"000") -> 005 | C7: Đào tạo BIM | D7: Công cụ tạo lập mô hình | E7: Revit cơ bản | F7: BIM MEPF | G7: Tổ chức thi và đánh giá | H7: Cao | I7: Phan Trường Giang | L7: 46178 | M7: 46185
A8: ="2."&D8&"."&B8 -> 2.Công cụ tạo lập mô hình.006 | B8: =TEXT(COUNTIFS($C$3:C8,C8,$D$3:D8,D8),"000") -> 006 | C8: Đào tạo BIM | D8: Công cụ tạo lập mô hình | E8: Revit cơ bản | F8: BIM MEPF | G8: Khảo sát nhu cầu | H8: Cao | I8: Phan Trường Giang | L8: 46188 | M8: 46188
A9: ="2."&D9&"."&B9 -> 2.Công cụ tạo lập mô hình.007 | B9: =TEXT(COUNTIFS($C$3:C9,C9,$D$3:D9,D9),"000") -> 007 | C9: Đào tạo BIM | D9: Công cụ tạo lập mô hình | E9: Revit cơ bản | F9: BIM MEPF | G9: Báo cáo đào tạo | H9: Cao | I9: Ngô Tuấn Vũ | L9: 46188 | M9: 46188
A10: ="2."&D10&"."&B10 -> 2.CDE.001 | B10: =TEXT(COUNTIFS($C$3:C10,C10,$D$3:D10,D10),"000") -> 001 | C10: Đào tạo BIM | D10: CDE | E10: Quản lý HSTK | F10: BIM | G10: Khảo sát nhu cầu | H10: Trung bình | I10: Lý Huy Thành | J10: Ngô Tuấn Vũ | L10: 46174 | M10: 46179
A11: ="2."&D11&"."&B11 -> 2.CDE.002 | B11: =TEXT(COUNTIFS($C$3:C11,C11,$D$3:D11,D11),"000") -> 002 | C11: Đào tạo BIM | D11: CDE | E11: Quản lý HSTC | F11: BIM | G11: Khảo sát nhu cầu | H11: Trung bình | I11: Lý Huy Thành | J11: Ngô Tuấn Vũ | L11: 46174 | M11: 46179
A12: ="2."&D12&"."&B12 -> 2.Công cụ tạo lập mô hình.008 | B12: =TEXT(COUNTIFS($C$3:C12,C12,$D$3:D12,D12),"000") -> 008 | C12: Đào tạo BIM | D12: Công cụ tạo lập mô hình | E12: Revit cơ bản | F12: BIM | G12: Khảo sát nhu cầu | H12: Trung bình | I12: Lý Huy Thành | J12: Ngô Tuấn Vũ | L12: 46174 | M12: 46179
A13: ="2."&D13&"."&B13 -> 2.Công cụ tạo lập mô hình.009 | B13: =TEXT(COUNTIFS($C$3:C13,C13,$D$3:D13,D13),"000") -> 009 | C13: Đào tạo BIM | D13: Công cụ tạo lập mô hình | E13: Revit nâng cao | F13: BIM | G13: Khảo sát nhu cầu | H13: Trung bình | I13: Lý Huy Thành | L13: 46174 | M13: 46179
A14: ="2."&D14&"."&B14 -> 2.Công cụ phối hợp mô hình.001 | B14: =TEXT(COUNTIFS($C$3:C14,C14,$D$3:D14,D14),"000") -> 001 | C14: Đào tạo BIM | D14: Công cụ phối hợp mô hình | E14: Navisworks | F14: BIM | G14: Khảo sát nhu cầu | H14: Trung bình | I14: Lý Huy Thành | J14: Ngô Tuấn Vũ | L14: 46174 | M14: 46179
A15: ="2."&D15&"."&B15 -> 2.BIM Tools.001 | B15: =TEXT(COUNTIFS($C$3:C15,C15,$D$3:D15,D15),"000") -> 001 | C15: Đào tạo BIM | D15: BIM Tools | E15: BIM Tools | F15: BIM | G15: Khảo sát nhu cầu | H15: Trung bình | I15: Nguyễn Thanh Phương | J15: Lê Huy Toàn | L15: 46174 | M15: 46179

Sheet Bảng 3
C1: BẢNG GIAO VIỆC QUẢN LÝ BIM
A2: Sum ID | B2: Sub ID | C2: Level 1 | D2: Level 2 | E2: Level 3 | F2: Level 4 | G2: Level 5 | H2: Giai đoạn | I2: Mức độ ưu tiên | J2: Nhân sự thực hiện 01 | K2: Nhân sự thực hiện 02 | L2: Nhân sự thực hiện 03 | M2: Bắt đầu | N2: Kết thúc | O2: Fillter nhân sự
A3: ="3."&D3&"."&B3 -> 3.B.DSHNQN.DMF.101 | B3: =TEXT( COUNTIFS($C$3:C3,C3,$D$3:D3,D3,$F$3:F3,F3) + IF(F3="KT",100, IF(F3="KC",200, IF(F3="BIM MEPF",300,0))),"000") -> 101 | C3: Quản lý BIM | D3: B.DSHNQN.DMF | E3: Bãi đỗ tàu qua đêm Cổ Loa | F3: KT | G3: Tạo lập mô hình BIM | H3: TKBVTC | I3: Cao | J3: Trần Văn Diện | K3: Đặng Minh Quang | O3: =J3&", "&K3&", "&L3 -> Trần Văn Diện, Đặng Minh Quang,
A4: ="3."&D4&"."&B4 -> 3.B.DSHNQN.DMF.201 | B4: =TEXT(COUNTIFS($C$3:C4,C4,$D$3:D4,D4,$F$3:F4,F4)+IF(F4="KT",100,IF(F4="KC",200,IF(F4="DI",300,IF(F4="DN",400,IF(F4="NU",500,IF(F4="DH",600,IF(F4="PC",700,0))))))),"000") -> 201 | C4: Quản lý BIM | D4: B.DSHNQN.DMF | E4: Bãi đỗ tàu qua đêm Cổ Loa | F4: KC | G4: Tạo lập mô hình BIM | H4: TKBVTC | I4: Cao | J4: Trần Văn Diện | K4: Đặng Minh Quang | O4: =J4&", "&K4&", "&L4 -> Trần Văn Diện, Đặng Minh Quang,
A5: ="3."&D5&"."&B5 -> 3.B.DSHNQN.DMF.301 | B5: =TEXT(COUNTIFS($C$3:C5,C5,$D$3:D5,D5,$F$3:F5,F5)+IF(F5="KT",100,IF(F5="KC",200,IF(F5="DI",300,IF(F5="DN",400,IF(F5="NU",500,IF(F5="DH",600,IF(F5="PC",700,0))))))),"000") -> 301 | C5: Quản lý BIM | D5: B.DSHNQN.DMF | E5: Bãi đỗ tàu qua đêm Cổ Loa | F5: DI | G5: KSCL mô hình BIM | H5: TKBVTC | I5: Cao | J5: Đặng Thái Sơn | M5: 46198 | N5: 46230 | O5: =J5&", "&K5&", "&L5 -> Đặng Thái Sơn, ,
A6: ="3."&D6&"."&B6 -> 3.B.DSHNQN.DMF.401 | B6: =TEXT(COUNTIFS($C$3:C6,C6,$D$3:D6,D6,$F$3:F6,F6)+IF(F6="KT",100,IF(F6="KC",200,IF(F6="DI",300,IF(F6="DN",400,IF(F6="NU",500,IF(F6="DH",600,IF(F6="PC",700,0))))))),"000") -> 401 | C6: Quản lý BIM | D6: B.DSHNQN.DMF | E6: Bãi đỗ tàu qua đêm Cổ Loa | F6: DN | G6: KSCL mô hình BIM | H6: TKBVTC | I6: Cao | J6: Đặng Thái Sơn | M6: 46198 | N6: 46230 | O6: =J6&", "&K6&", "&L6 -> Đặng Thái Sơn, ,
A7: ="3."&D7&"."&B7 -> 3.B.DSHNQN.DMF.501 | B7: =TEXT(COUNTIFS($C$3:C7,C7,$D$3:D7,D7,$F$3:F7,F7)+IF(F7="KT",100,IF(F7="KC",200,IF(F7="DI",300,IF(F7="DN",400,IF(F7="NU",500,IF(F7="DH",600,IF(F7="PC",700,0))))))),"000") -> 501 | C7: Quản lý BIM | D7: B.DSHNQN.DMF | E7: Bãi đỗ tàu qua đêm Cổ Loa | F7: NU | G7: KSCL mô hình BIM | H7: TKBVTC | I7: Cao | J7: Đặng Thái Sơn | M7: 46198 | N7: 46230 | O7: =J7&", "&K7&", "&L7 -> Đặng Thái Sơn, ,
A8: ="3."&D8&"."&B8 -> 3.B.DSHNQN.DMF.601 | B8: =TEXT(COUNTIFS($C$3:C8,C8,$D$3:D8,D8,$F$3:F8,F8)+IF(F8="KT",100,IF(F8="KC",200,IF(F8="DI",300,IF(F8="DN",400,IF(F8="NU",500,IF(F8="DH",600,IF(F8="PC",700,0))))))),"000") -> 601 | C8: Quản lý BIM | D8: B.DSHNQN.DMF | E8: Bãi đỗ tàu qua đêm Cổ Loa | F8: DH | G8: KSCL mô hình BIM | H8: TKBVTC | I8: Cao | J8: Đặng Thái Sơn | M8: 46198 | N8: 46230 | O8: =J8&", "&K8&", "&L8 -> Đặng Thái Sơn, ,
A9: ="3."&D9&"."&B9 -> 3.B.DSHNQN.DMF.701 | B9: =TEXT(COUNTIFS($C$3:C9,C9,$D$3:D9,D9,$F$3:F9,F9)+IF(F9="KT",100,IF(F9="KC",200,IF(F9="DI",300,IF(F9="DN",400,IF(F9="NU",500,IF(F9="DH",600,IF(F9="PC",700,0))))))),"000") -> 701 | C9: Quản lý BIM | D9: B.DSHNQN.DMF | E9: Bãi đỗ tàu qua đêm Cổ Loa | F9: PC | G9: KSCL mô hình BIM | H9: TKBVTC | I9: Cao | J9: Đặng Thái Sơn | M9: 46198 | N9: 46230 | O9: =J9&", "&K9&", "&L9 -> Đặng Thái Sơn, ,
A10: ="3."&D10&"."&B10 -> 3.B.DSHNQN.DMF.102 | B10: =TEXT(COUNTIFS($C$3:C10,C10,$D$3:D10,D10,$F$3:F10,F10)+IF(F10="KT",100,IF(F10="KC",200,IF(F10="DI",300,IF(F10="DN",400,IF(F10="NU",500,IF(F10="DH",600,IF(F10="PC",700,0))))))),"000") -> 102 | C10: Quản lý BIM | D10: B.DSHNQN.DMF | E10: Depot Hạ Long Xanh | F10: KT | G10: Tạo lập mô hình BIM | H10: TKBVTC | I10: Cao | J10: Trần Văn Toản | K10: Trần Văn Diện | M10: 46114 | N10: 46248 | O10: =J10&", "&K10&", "&L10 -> Trần Văn Toản, Trần Văn Diện,
A11: ="3."&D11&"."&B11 -> 3.B.DSHNQN.DMF.202 | B11: =TEXT(COUNTIFS($C$3:C11,C11,$D$3:D11,D11,$F$3:F11,F11)+IF(F11="KT",100,IF(F11="KC",200,IF(F11="DI",300,IF(F11="DN",400,IF(F11="NU",500,IF(F11="DH",600,IF(F11="PC",700,0))))))),"000") -> 202 | C11: Quản lý BIM | D11: B.DSHNQN.DMF | E11: Depot Hạ Long Xanh | F11: KC | G11: Tạo lập mô hình BIM | H11: TKBVTC | I11: Cao | J11: Trần Văn Toản | K11: Trần Văn Diện | M11: 46154 | N11: 46330 | O11: =J11&", "&K11&", "&L11 -> Trần Văn Toản, Trần Văn Diện,
A12: ="3."&D12&"."&B12 -> 3.B.DSHNQN.DMF.302 | B12: =TEXT(COUNTIFS($C$3:C12,C12,$D$3:D12,D12,$F$3:F12,F12)+IF(F12="KT",100,IF(F12="KC",200,IF(F12="DI",300,IF(F12="DN",400,IF(F12="NU",500,IF(F12="DH",600,IF(F12="PC",700,0))))))),"000") -> 302 | C12: Quản lý BIM | D12: B.DSHNQN.DMF | E12: Depot Hạ Long Xanh | F12: DI | G12: KSCL mô hình BIM | H12: TKBVTC | I12: Cao | J12: Phan Trường Giang | M12: 46186 | N12: 46230 | O12: =J12&", "&K12&", "&L12 -> Phan Trường Giang, ,
A13: ="3."&D13&"."&B13 -> 3.B.DSHNQN.DMF.402 | B13: =TEXT(COUNTIFS($C$3:C13,C13,$D$3:D13,D13,$F$3:F13,F13)+IF(F13="KT",100,IF(F13="KC",200,IF(F13="DI",300,IF(F13="DN",400,IF(F13="NU",500,IF(F13="DH",600,IF(F13="PC",700,0))))))),"000") -> 402 | C13: Quản lý BIM | D13: B.DSHNQN.DMF | E13: Depot Hạ Long Xanh | F13: DN | G13: KSCL mô hình BIM | H13: TKBVTC | I13: Cao | J13: Phan Trường Giang | M13: 46186 | N13: 46230 | O13: =J13&", "&K13&", "&L13 -> Phan Trường Giang, ,
A14: ="3."&D14&"."&B14 -> 3.B.DSHNQN.DMF.502 | B14: =TEXT(COUNTIFS($C$3:C14,C14,$D$3:D14,D14,$F$3:F14,F14)+IF(F14="KT",100,IF(F14="KC",200,IF(F14="DI",300,IF(F14="DN",400,IF(F14="NU",500,IF(F14="DH",600,IF(F14="PC",700,0))))))),"000") -> 502 | C14: Quản lý BIM | D14: B.DSHNQN.DMF | E14: Depot Hạ Long Xanh | F14: NU | G14: KSCL mô hình BIM | H14: TKBVTC | I14: Cao | J14: Phan Trường Giang | M14: 46186 | N14: 46230 | O14: =J14&", "&K14&", "&L14 -> Phan Trường Giang, ,
A15: ="3."&D15&"."&B15 -> 3.B.DSHNQN.DMF.602 | B15: =TEXT(COUNTIFS($C$3:C15,C15,$D$3:D15,D15,$F$3:F15,F15)+IF(F15="KT",100,IF(F15="KC",200,IF(F15="DI",300,IF(F15="DN",400,IF(F15="NU",500,IF(F15="DH",600,IF(F15="PC",700,0))))))),"000") -> 602 | C15: Quản lý BIM | D15: B.DSHNQN.DMF | E15: Depot Hạ Long Xanh | F15: DH | G15: KSCL mô hình BIM | H15: TKBVTC | I15: Cao | J15: Phan Trường Giang | M15: 46186 | N15: 46230 | O15: =J15&", "&K15&", "&L15 -> Phan Trường Giang, ,
A16: ="3."&D16&"."&B16 -> 3.B.DSHNQN.DMF.702 | B16: =TEXT(COUNTIFS($C$3:C16,C16,$D$3:D16,D16,$F$3:F16,F16)+IF(F16="KT",100,IF(F16="KC",200,IF(F16="DI",300,IF(F16="DN",400,IF(F16="NU",500,IF(F16="DH",600,IF(F16="PC",700,0))))))),"000") -> 702 | C16: Quản lý BIM | D16: B.DSHNQN.DMF | E16: Depot Hạ Long Xanh | F16: PC | G16: KSCL mô hình BIM | H16: TKBVTC | I16: Cao | J16: Phan Trường Giang | M16: 46186 | N16: 46230 | O16: =J16&", "&K16&", "&L16 -> Phan Trường Giang, ,
A17: ="3."&D17&"."&B17 -> 3.B.DSHNQN.STA.101 | B17: =TEXT(COUNTIFS($C$3:C17,C17,$D$3:D17,D17,$F$3:F17,F17)+IF(F17="KT",100,IF(F17="KC",200,IF(F17="DI",300,IF(F17="DN",400,IF(F17="NU",500,IF(F17="DH",600,IF(F17="PC",700,0))))))),"000") -> 101 | C17: Quản lý BIM | D17: B.DSHNQN.STA | E17: Nhà ga Cổ Loa | F17: KT | G17: Tạo lập mô hình BIM | H17: TKBVTC | I17: Cao | J17: Trần Văn Diện | M17: 46170 | N17: 46230 | O17: =J17&", "&K17&", "&L17 -> Trần Văn Diện, ,
A18: ="3."&D18&"."&B18 -> 3.B.DSHNQN.STA.301 | B18: =TEXT(COUNTIFS($C$3:C18,C18,$D$3:D18,D18,$F$3:F18,F18)+IF(F18="KT",100,IF(F18="KC",200,IF(F18="DI",300,IF(F18="DN",400,IF(F18="NU",500,IF(F18="DH",600,IF(F18="PC",700,0))))))),"000") -> 301 | C18: Quản lý BIM | D18: B.DSHNQN.STA | E18: Nhà ga Cổ Loa | F18: DI | G18: KSCL mô hình BIM | H18: TKBVTC | I18: Cao | J18: Nguyễn Văn Hải | M18: 46170 | N18: 46230 | O18: =J18&", "&K18&", "&L18 -> Nguyễn Văn Hải, ,
A19: ="3."&D19&"."&B19 -> 3.B.DSHNQN.STA.401 | B19: =TEXT(COUNTIFS($C$3:C19,C19,$D$3:D19,D19,$F$3:F19,F19)+IF(F19="KT",100,IF(F19="KC",200,IF(F19="DI",300,IF(F19="DN",400,IF(F19="NU",500,IF(F19="DH",600,IF(F19="PC",700,0))))))),"000") -> 401 | C19: Quản lý BIM | D19: B.DSHNQN.STA | E19: Nhà ga Cổ Loa | F19: DN | G19: KSCL mô hình BIM | H19: TKBVTC | I19: Cao | J19: Nguyễn Văn Hải | M19: 46170 | N19: 46230 | O19: =J19&", "&K19&", "&L19 -> Nguyễn Văn Hải, ,
A20: ="3."&D20&"."&B20 -> 3.B.DSHNQN.STA.501 | B20: =TEXT(COUNTIFS($C$3:C20,C20,$D$3:D20,D20,$F$3:F20,F20)+IF(F20="KT",100,IF(F20="KC",200,IF(F20="DI",300,IF(F20="DN",400,IF(F20="NU",500,IF(F20="DH",600,IF(F20="PC",700,0))))))),"000") -> 501 | C20: Quản lý BIM | D20: B.DSHNQN.STA | E20: Nhà ga Cổ Loa | F20: NU | G20: KSCL mô hình BIM | H20: TKBVTC | I20: Cao | J20: Nguyễn Văn Hải | M20: 46170 | N20: 46230 | O20: =J20&", "&K20&", "&L20 -> Nguyễn Văn Hải, ,
A21: ="3."&D21&"."&B21 -> 3.B.DSHNQN.STA.601 | B21: =TEXT(COUNTIFS($C$3:C21,C21,$D$3:D21,D21,$F$3:F21,F21)+IF(F21="KT",100,IF(F21="KC",200,IF(F21="DI",300,IF(F21="DN",400,IF(F21="NU",500,IF(F21="DH",600,IF(F21="PC",700,0))))))),"000") -> 601 | C21: Quản lý BIM | D21: B.DSHNQN.STA | E21: Nhà ga Cổ Loa | F21: DH | G21: KSCL mô hình BIM | H21: TKBVTC | I21: Cao | J21: Nguyễn Văn Hải | M21: 46170 | N21: 46230 | O21: =J21&", "&K21&", "&L21 -> Nguyễn Văn Hải, ,
A22: ="3."&D22&"."&B22 -> 3.B.DSHNQN.STA.701 | B22: =TEXT(COUNTIFS($C$3:C22,C22,$D$3:D22,D22,$F$3:F22,F22)+IF(F22="KT",100,IF(F22="KC",200,IF(F22="DI",300,IF(F22="DN",400,IF(F22="NU",500,IF(F22="DH",600,IF(F22="PC",700,0))))))),"000") -> 701 | C22: Quản lý BIM | D22: B.DSHNQN.STA | E22: Nhà ga Cổ Loa | F22: PC | G22: KSCL mô hình BIM | H22: TKBVTC | I22: Cao | J22: Nguyễn Văn Hải | M22: 46170 | N22: 46230 | O22: =J22&", "&K22&", "&L22 -> Nguyễn Văn Hải, ,
A23: ="3."&D23&"."&B23 -> 3.B.DSHNQN.STA.102 | B23: =TEXT(COUNTIFS($C$3:C23,C23,$D$3:D23,D23,$F$3:F23,F23)+IF(F23="KT",100,IF(F23="KC",200,IF(F23="DI",300,IF(F23="DN",400,IF(F23="NU",500,IF(F23="DH",600,IF(F23="PC",700,0))))))),"000") -> 102 | C23: Quản lý BIM | D23: B.DSHNQN.STA | E23: Nhà ga Gia Bình | F23: KT | G23: Tạo lập mô hình BIM | H23: TKBVTC | I23: Cao | J23: Trần Văn Diện | M23: 46212 | N23: 46230 | O23: =J23&", "&K23&", "&L23 -> Trần Văn Diện, ,
... A28: ="3."&D28&"."&B28 -> 3.B.DSHNQN.STA.702 | B28: =TEXT(COUNTIFS($C$3:C28,C28,$D$3:D28,D28,$F$3:F28,F28)+IF(F28="KT",100,IF(F28="KC",200,IF(F28="DI",300,IF(F28="DN",400,IF(F28="NU",500,IF(F28="DH",600,IF(F28="PC",700,0))))))),"000") -> 702 | C28: Quản lý BIM | D28: B.DSHNQN.STA | E28: Nhà ga Gia Bình | F28: PC | G28: KSCL mô hình BIM | H28: TKBVTC | I28: Cao | J28: Nguyễn Văn Hải | M28: 46212 | N28: 46230 | O28: =J28&", "&K28&", "&L28 -> Nguyễn Văn Hải, ,
A29: ="3."&D29&"."&B29 -> 3.B.DSHNQN.STA.103 | B29: =TEXT(COUNTIFS($C$3:C29,C29,$D$3:D29,D29,$F$3:F29,F29)+IF(F29="KT",100,IF(F29="KC",200,IF(F29="DI",300,IF(F29="DN",400,IF(F29="NU",500,IF(F29="DH",600,IF(F29="PC",700,0))))))),"000") -> 103 | C29: Quản lý BIM | D29: B.DSHNQN.STA | E29: Nhà ga Hạ Long Xanh | F29: KT | G29: Tạo lập mô hình BIM | H29: TKBVTC | I29: Cao | J29: Trần Văn Toản | K29: Vũ Thị Thêu | M29: 46114 | N29: 46212 | O29: =J29&", "&K29&", "&L29 -> Trần Văn Toản, Vũ Thị Thêu,
A30: ="3."&D30&"."&B30 -> 3.B.DSHNQN.STA.201 | B30: =TEXT(COUNTIFS($C$3:C30,C30,$D$3:D30,D30,$F$3:F30,F30)+IF(F30="KT",100,IF(F30="KC",200,IF(F30="DI",300,IF(F30="DN",400,IF(F30="NU",500,IF(F30="DH",600,IF(F30="PC",700,0))))))),"000") -> 201 | C30: Quản lý BIM | D30: B.DSHNQN.STA | E30: Nhà ga Hạ Long Xanh | F30: KC | G30: KSCL mô hình BIM | H30: TKBVTC | I30: Cao | J30: Trần Văn Toản | K30: Vũ Thị Thêu | M30: 46154 | N30: 46330 | O30: =J30&", "&K30&", "&L30 -> Trần Văn Toản, Vũ Thị Thêu,
A31: ="3."&D31&"."&B31 -> 3.B.DSHNQN.STA.303 | B31: =TEXT(COUNTIFS($C$3:C31,C31,$D$3:D31,D31,$F$3:F31,F31)+IF(F31="KT",100,IF(F31="KC",200,IF(F31="DI",300,IF(F31="DN",400,IF(F31="NU",500,IF(F31="DH",600,IF(F31="PC",700,0))))))),"000") -> 303 | C31: Quản lý BIM | D31: B.DSHNQN.STA | E31: Nhà ga Hạ Long Xanh | F31: DI | G31: KSCL mô hình BIM | H31: TKBVTC | I31: Cao | J31: Nguyễn Văn Hải | M31: 46186 | N31: 46230 | O31: =J31&", "&K31&", "&L31 -> Nguyễn Văn Hải, ,
A32: ="3."&D32&"."&B32 -> 3.B.DSHNQN.STA.403 | B32: =TEXT(COUNTIFS($C$3:C32,C32,$D$3:D32,D32,$F$3:F32,F32)+IF(F32="KT",100,IF(F32="KC",200,IF(F32="DI",300,IF(F32="DN",400,IF(F32="NU",500,IF(F32="DH",600,IF(F32="PC",700,0))))))),"000") -> 403 | C32: Quản lý BIM | D32: B.DSHNQN.STA | E32: Nhà ga Hạ Long Xanh | F32: DN | G32: KSCL mô hình BIM | H32: TKBVTC | I32: Cao | J32: Nguyễn Văn Hải | M32: 46186 | N32: 46230 | O32: =J32&", "&K32&", "&L32 -> Nguyễn Văn Hải, ,
A33: ="3."&D33&"."&B33 -> 3.B.DSHNQN.STA.503 | B33: =TEXT(COUNTIFS($C$3:C33,C33,$D$3:D33,D33,$F$3:F33,F33)+IF(F33="KT",100,IF(F33="KC",200,IF(F33="DI",300,IF(F33="DN",400,IF(F33="NU",500,IF(F33="DH",600,IF(F33="PC",700,0))))))),"000") -> 503 | C33: Quản lý BIM | D33: B.DSHNQN.STA | E33: Nhà ga Hạ Long Xanh | F33: NU | G33: KSCL mô hình BIM | H33: TKBVTC | I33: Cao | J33: Nguyễn Văn Hải | M33: 46186 | N33: 46230 | O33: =J33&", "&K33&", "&L33 -> Nguyễn Văn Hải, ,
A34: ="3."&D34&"."&B34 -> 3.B.DSHNQN.STA.603 | B34: =TEXT(COUNTIFS($C$3:C34,C34,$D$3:D34,D34,$F$3:F34,F34)+IF(F34="KT",100,IF(F34="KC",200,IF(F34="DI",300,IF(F34="DN",400,IF(F34="NU",500,IF(F34="DH",600,IF(F34="PC",700,0))))))),"000") -> 603 | C34: Quản lý BIM | D34: B.DSHNQN.STA | E34: Nhà ga Hạ Long Xanh | F34: DH | G34: KSCL mô hình BIM | H34: TKBVTC | I34: Cao | J34: Nguyễn Văn Hải | M34: 46186 | N34: 46230 | O34: =J34&", "&K34&", "&L34 -> Nguyễn Văn Hải, ,
A35: ="3."&D35&"."&B35 -> 3.B.DSHNQN.STA.703 | B35: =TEXT(COUNTIFS($C$3:C35,C35,$D$3:D35,D35,$F$3:F35,F35)+IF(F35="KT",100,IF(F35="KC",200,IF(F35="DI",300,IF(F35="DN",400,IF(F35="NU",500,IF(F35="DH",600,IF(F35="PC",700,0))))))),"000") -> 703 | C35: Quản lý BIM | D35: B.DSHNQN.STA | E35: Nhà ga Hạ Long Xanh | F35: PC | G35: KSCL mô hình BIM | H35: TKBVTC | I35: Cao | J35: Nguyễn Văn Hải | M35: 46186 | N35: 46230 | O35: =J35&", "&K35&", "&L35 -> Nguyễn Văn Hải, ,
A36: ="3."&D36&"."&B36 -> 3.B.DSHNQN.STA.104 | B36: =TEXT(COUNTIFS($C$3:C36,C36,$D$3:D36,D36,$F$3:F36,F36)+IF(F36="KT",100,IF(F36="KC",200,IF(F36="DI",300,IF(F36="DN",400,IF(F36="NU",500,IF(F36="DH",600,IF(F36="PC",700,0))))))),"000") -> 104 | C36: Quản lý BIM | D36: B.DSHNQN.STA | E36: Nhà ga Ninh Xá | F36: KT | G36: Tạo lập mô hình BIM | H36: TKBVTC | I36: Cao | J36: Trần Văn Toản | K36: Vũ Thị Thêu | M36: 46128 | N36: 46206 | O36: =J36&", "&K36&", "&L36 -> Trần Văn Toản, Vũ Thị Thêu,
A37: ="3."&D37&"."&B37 -> 3.B.DSHNQN.STA.202 | B37: =TEXT(COUNTIFS($C$3:C37,C37,$D$3:D37,D37,$F$3:F37,F37)+IF(F37="KT",100,IF(F37="KC",200,IF(F37="DI",300,IF(F37="DN",400,IF(F37="NU",500,IF(F37="DH",600,IF(F37="PC",700,0))))))),"000") -> 202 | C37: Quản lý BIM | D37: B.DSHNQN.STA | E37: Nhà ga Ninh Xá | F37: KC | G37: KSCL mô hình BIM | H37: TKBVTC | I37: Cao | J37: Trần Văn Toản | K37: Vũ Thị Thêu | M37: 46163 | N37: 46330 | O37: =J37&", "&K37&", "&L37 -> Trần Văn Toản, Vũ Thị Thêu,
A38: ="3."&D38&"."&B38 -> 3.B.DSHNQN.STA.304 | B38: =TEXT(COUNTIFS($C$3:C38,C38,$D$3:D38,D38,$F$3:F38,F38)+IF(F38="KT",100,IF(F38="KC",200,IF(F38="DI",300,IF(F38="DN",400,IF(F38="NU",500,IF(F38="DH",600,IF(F38="PC",700,0))))))),"000") -> 304 | C38: Quản lý BIM | D38: B.DSHNQN.STA | E38: Nhà ga Ninh Xá | F38: DI | G38: KSCL mô hình BIM | H38: TKBVTC | I38: Cao | J38: Đặng Thái Sơn | M38: 46212 | N38: 46230 | O38: =J38&", "&K38&", "&L38 -> Đặng Thái Sơn, ,
A39: ="3."&D39&"."&B39 -> 3.B.DSHNQN.STA.404 | B39: =TEXT(COUNTIFS($C$3:C39,C39,$D$3:D39,D39,$F$3:F39,F39)+IF(F39="KT",100,IF(F39="KC",200,IF(F39="DI",300,IF(F39="DN",400,IF(F39="NU",500,IF(F39="DH",600,IF(F39="PC",700,0))))))),"000") -> 404 | C39: Quản lý BIM | D39: B.DSHNQN.STA | E39: Nhà ga Ninh Xá | F39: DN | G39: KSCL mô hình BIM | H39: TKBVTC | I39: Cao | J39: Đặng Thái Sơn | M39: 46212 | N39: 46230 | O39: =J39&", "&K39&", "&L39 -> Đặng Thái Sơn, ,
A40: ="3."&D40&"."&B40 -> 3.B.DSHNQN.STA.504 | B40: =TEXT(COUNTIFS($C$3:C40,C40,$D$3:D40,D40,$F$3:F40,F40)+IF(F40="KT",100,IF(F40="KC",200,IF(F40="DI",300,IF(F40="DN",400,IF(F40="NU",500,IF(F40="DH",600,IF(F40="PC",700,0))))))),"000") -> 504 | C40: Quản lý BIM | D40: B.DSHNQN.STA | E40: Nhà ga Ninh Xá | F40: NU | G40: KSCL mô hình BIM | H40: TKBVTC | I40: Cao | J40: Đặng Thái Sơn | M40: 46212 | N40: 46230 | O40: =J40&", "&K40&", "&L40 -> Đặng Thái Sơn, ,
A41: ="3."&D41&"."&B41 -> 3.B.DSHNQN.STA.604 | B41: =TEXT(COUNTIFS($C$3:C41,C41,$D$3:D41,D41,$F$3:F41,F41)+IF(F41="KT",100,IF(F41="KC",200,IF(F41="DI",300,IF(F41="DN",400,IF(F41="NU",500,IF(F41="DH",600,IF(F41="PC",700,0))))))),"000") -> 604 | C41: Quản lý BIM | D41: B.DSHNQN.STA | E41: Nhà ga Ninh Xá | F41: DH | G41: KSCL mô hình BIM | H41: TKBVTC | I41: Cao | J41: Đặng Thái Sơn | M41: 46212 | N41: 46230 | O41: =J41&", "&K41&", "&L41 -> Đặng Thái Sơn, ,
A42: ="3."&D42&"."&B42 -> 3.B.DSHNQN.STA.704 | B42: =TEXT(COUNTIFS($C$3:C42,C42,$D$3:D42,D42,$F$3:F42,F42)+IF(F42="KT",100,IF(F42="KC",200,IF(F42="DI",300,IF(F42="DN",400,IF(F42="NU",500,IF(F42="DH",600,IF(F42="PC",700,0))))))),"000") -> 704 | C42: Quản lý BIM | D42: B.DSHNQN.STA | E42: Nhà ga Ninh Xá | F42: PC | G42: KSCL mô hình BIM | H42: TKBVTC | I42: Cao | J42: Đặng Thái Sơn | M42: 46212 | N42: 46230 | O42: =J42&", "&K42&", "&L42 -> Đặng Thái Sơn, ,
A43: ="3."&D43&"."&B43 -> 3.B.DSHNQN.STA.105 | B43: =TEXT(COUNTIFS($C$3:C43,C43,$D$3:D43,D43,$F$3:F43,F43)+IF(F43="KT",100,IF(F43="KC",200,IF(F43="DI",300,IF(F43="DN",400,IF(F43="NU",500,IF(F43="DH",600,IF(F43="PC",700,0))))))),"000") -> 105 | C43: Quản lý BIM | D43: B.DSHNQN.STA | E43: Nhà ga Yên Tử | F43: KT | G43: Tạo lập mô hình BIM | H43: TKBVTC | I43: Cao | J43: Nguyễn Hải Nam | K43: Đỗ Minh Ngọc | M43: 46146 | N43: 46317 | O43: =J43&", "&K43&", "&L43 -> Nguyễn Hải Nam, Đỗ Minh Ngọc,
A44: ="3."&D44&"."&B44 -> 3.B.DSHNQN.STA.203 | B44: =TEXT(COUNTIFS($C$3:C44,C44,$D$3:D44,D44,$F$3:F44,F44)+IF(F44="KT",100,IF(F44="KC",200,IF(F44="DI",300,IF(F44="DN",400,IF(F44="NU",500,IF(F44="DH",600,IF(F44="PC",700,0))))))),"000") -> 203 | C44: Quản lý BIM | D44: B.DSHNQN.STA | E44: Nhà ga Yên Tử | F44: KC | G44: KSCL mô hình BIM | H44: TKBVTC | I44: Cao | J44: Nguyễn Hải Nam | K44: Đỗ Minh Ngọc | M44: 46162 | N44: 46317 | O44: =J44&", "&K44&", "&L44 -> Nguyễn Hải Nam, Đỗ Minh Ngọc,
A45: ="3."&D45&"."&B45 -> 3.B.DSHNQN.STA.305 | B45: =TEXT(COUNTIFS($C$3:C45,C45,$D$3:D45,D45,$F$3:F45,F45)+IF(F45="KT",100,IF(F45="KC",200,IF(F45="DI",300,IF(F45="DN",400,IF(F45="NU",500,IF(F45="DH",600,IF(F45="PC",700,0))))))),"000") -> 305 | C45: Quản lý BIM | D45: B.DSHNQN.STA | E45: Nhà ga Yên Tử | F45: DI | G45: KSCL mô hình BIM | H45: TKBVTC | I45: Cao | J45: Phan Trường Giang | M45: 46212 | N45: 46230 | O45: =J45&", "&K45&", "&L45 -> Phan Trường Giang, ,
A46: ="3."&D46&"."&B46 -> 3.B.DSHNQN.STA.405 | B46: =TEXT(COUNTIFS($C$3:C46,C46,$D$3:D46,D46,$F$3:F46,F46)+IF(F46="KT",100,IF(F46="KC",200,IF(F46="DI",300,IF(F46="DN",400,IF(F46="NU",500,IF(F46="DH",600,IF(F46="PC",700,0))))))),"000") -> 405 | C46: Quản lý BIM | D46: B.DSHNQN.STA | E46: Nhà ga Yên Tử | F46: DN | G46: KSCL mô hình BIM | H46: TKBVTC | I46: Cao | J46: Phan Trường Giang | M46: 46212 | N46: 46230 | O46: =J46&", "&K46&", "&L46 -> Phan Trường Giang, ,
A47: ="3."&D47&"."&B47 -> 3.B.DSHNQN.STA.505 | B47: =TEXT(COUNTIFS($C$3:C47,C47,$D$3:D47,D47,$F$3:F47,F47)+IF(F47="KT",100,IF(F47="KC",200,IF(F47="DI",300,IF(F47="DN",400,IF(F47="NU",500,IF(F47="DH",600,IF(F47="PC",700,0))))))),"000") -> 505 | C47: Quản lý BIM | D47: B.DSHNQN.STA | E47: Nhà ga Yên Tử | F47: NU | G47: KSCL mô hình BIM | H47: TKBVTC | I47: Cao | J47: Phan Trường Giang | M47: 46212 | N47: 46230 | O47: =J47&", "&K47&", "&L47 -> Phan Trường Giang, ,
A48: ="3."&D48&"."&B48 -> 3.B.DSHNQN.STA.605 | B48: =TEXT(COUNTIFS($C$3:C48,C48,$D$3:D48,D48,$F$3:F48,F48)+IF(F48="KT",100,IF(F48="KC",200,IF(F48="DI",300,IF(F48="DN",400,IF(F48="NU",500,IF(F48="DH",600,IF(F48="PC",700,0))))))),"000") -> 605 | C48: Quản lý BIM | D48: B.DSHNQN.STA | E48: Nhà ga Yên Tử | F48: DH | G48: KSCL mô hình BIM | H48: TKBVTC | I48: Cao | J48: Phan Trường Giang | M48: 46212 | N48: 46230 | O48: =J48&", "&K48&", "&L48 -> Phan Trường Giang, ,
A49: ="3."&D49&"."&B49 -> 3.B.DSHNQN.STA.705 | B49: =TEXT(COUNTIFS($C$3:C49,C49,$D$3:D49,D49,$F$3:F49,F49)+IF(F49="KT",100,IF(F49="KC",200,IF(F49="DI",300,IF(F49="DN",400,IF(F49="NU",500,IF(F49="DH",600,IF(F49="PC",700,0))))))),"000") -> 705 | C49: Quản lý BIM | D49: B.DSHNQN.STA | E49: Nhà ga Yên Tử | F49: PC | G49: KSCL mô hình BIM | H49: TKBVTC | I49: Cao | J49: Phan Trường Giang | M49: 46212 | N49: 46230 | O49: =J49&", "&K49&", "&L49 -> Phan Trường Giang, ,
A50: ="3."&D50&"."&B50 -> 3.B.HNO.GL.VSC.101 | B50: =TEXT(COUNTIFS($C$3:C50,C50,$D$3:D50,D50,$F$3:F50,F50)+IF(F50="KT",100,IF(F50="KC",200,IF(F50="DI",300,IF(F50="DN",400,IF(F50="NU",500,IF(F50="DH",600,IF(F50="PC",700,0))))))),"000") -> 101 | C50: Quản lý BIM | D50: B.HNO.GL.VSC | E50: Trường PTLC hệ Cambride Lô B5-TH01 | F50: KT | G50: KSCL mô hình BIM | H50: TKBVTC | I50: Cao | J50: Trần Văn Toản | M50: 46006 | N50: 46183 | O50: =J50&", "&K50&", "&L50 -> Trần Văn Toản, ,
A51: ="3."&D51&"."&B51 -> 3.B.HNO.GL.VSC.201 | B51: =TEXT(COUNTIFS($C$3:C51,C51,$D$3:D51,D51,$F$3:F51,F51)+IF(F51="KT",100,IF(F51="KC",200,IF(F51="DI",300,IF(F51="DN",400,IF(F51="NU",500,IF(F51="DH",600,IF(F51="PC",700,0))))))),"000") -> 201 | C51: Quản lý BIM | D51: B.HNO.GL.VSC | E51: Trường PTLC hệ Cambride Lô B5-TH01 | F51: KC | G51: KSCL mô hình BIM | H51: TKBVTC | I51: Cao | J51: Trần Văn Toản | M51: 46006 | N51: 46183 | O51: =J51&", "&K51&", "&L51 -> Trần Văn Toản, ,
A52: ="3."&D52&"."&B52 -> 3.B.HNO.GL.VSC.301 | B52: =TEXT(COUNTIFS($C$3:C52,C52,$D$3:D52,D52,$F$3:F52,F52)+IF(F52="KT",100,IF(F52="KC",200,IF(F52="DI",300,IF(F52="DN",400,IF(F52="NU",500,IF(F52="DH",600,IF(F52="PC",700,0))))))),"000") -> 301 | C52: Quản lý BIM | D52: B.HNO.GL.VSC | E52: Trường PTLC hệ Cambride Lô B5-TH01 | F52: DI | G52: KSCL mô hình BIM | H52: TKBVTC | I52: Cao | J52: Nguyễn Văn Hải | M52: 46006 | N52: 46179 | O52: =J52&", "&K52&", "&L52 -> Nguyễn Văn Hải, ,
A53: ="3."&D53&"."&B53 -> 3.B.HNO.GL.VSC.401 | B53: =TEXT(COUNTIFS($C$3:C53,C53,$D$3:D53,D53,$F$3:F53,F53)+IF(F53="KT",100,IF(F53="KC",200,IF(F53="DI",300,IF(F53="DN",400,IF(F53="NU",500,IF(F53="DH",600,IF(F53="PC",700,0))))))),"000") -> 401 | C53: Quản lý BIM | D53: B.HNO.GL.VSC | E53: Trường PTLC hệ Cambride Lô B5-TH01 | F53: DN | G53: KSCL mô hình BIM | H53: TKBVTC | I53: Cao | J53: Nguyễn Văn Hải | M53: 46006 | N53: 46179 | O53: =J53&", "&K53&", "&L53 -> Nguyễn Văn Hải, ,
A54: ="3."&D54&"."&B54 -> 3.B.HNO.GL.VSC.501 | B54: =TEXT(COUNTIFS($C$3:C54,C54,$D$3:D54,D54,$F$3:F54,F54)+IF(F54="KT",100,IF(F54="KC",200,IF(F54="DI",300,IF(F54="DN",400,IF(F54="NU",500,IF(F54="DH",600,IF(F54="PC",700,0))))))),"000") -> 501 | C54: Quản lý BIM | D54: B.HNO.GL.VSC | E54: Trường PTLC hệ Cambride Lô B5-TH01 | F54: NU | G54: KSCL mô hình BIM | H54: TKBVTC | I54: Cao | J54: Nguyễn Văn Hải | M54: 46006 | N54: 46179 | O54: =J54&", "&K54&", "&L54 -> Nguyễn Văn Hải, ,
A55: ="3."&D55&"."&B55 -> 3.B.HNO.GL.VSC.601 | B55: =TEXT(COUNTIFS($C$3:C55,C55,$D$3:D55,D55,$F$3:F55,F55)+IF(F55="KT",100,IF(F55="KC",200,IF(F55="DI",300,IF(F55="DN",400,IF(F55="NU",500,IF(F55="DH",600,IF(F55="PC",700,0))))))),"000") -> 601 | C55: Quản lý BIM | D55: B.HNO.GL.VSC | E55: Trường PTLC hệ Cambride Lô B5-TH01 | F55: DH | G55: KSCL mô hình BIM | H55: TKBVTC | I55: Cao | J55: Nguyễn Văn Hải | M55: 46006 | N55: 46179 | O55: =J55&", "&K55&", "&L55 -> Nguyễn Văn Hải, ,
A56: ="3."&D56&"."&B56 -> 3.B.HNO.GL.VSC.701 | B56: =TEXT(COUNTIFS($C$3:C56,C56,$D$3:D56,D56,$F$3:F56,F56)+IF(F56="KT",100,IF(F56="KC",200,IF(F56="DI",300,IF(F56="DN",400,IF(F56="NU",500,IF(F56="DH",600,IF(F56="PC",700,0))))))),"000") -> 701 | C56: Quản lý BIM | D56: B.HNO.GL.VSC | E56: Trường PTLC hệ Cambride Lô B5-TH01 | F56: PC | G56: KSCL mô hình BIM | H56: TKBVTC | I56: Cao | J56: Nguyễn Văn Hải | M56: 46006 | N56: 46179 | O56: =J56&", "&K56&", "&L56 -> Nguyễn Văn Hải, ,
... A88: ="3."&D88&"."&B88 -> 3.B.HNO.TMDM.VSC.701 | B88: =TEXT(COUNTIFS($C$3:C88,C88,$D$3:D88,D88,$F$3:F88,F88)+IF(F88="KT",100,IF(F88="KC",200,IF(F88="DI",300,IF(F88="DN",400,IF(F88="NU",500,IF(F88="DH",600,IF(F88="PC",700,0))))))),"000") -> 701 | C88: Quản lý BIM | D88: B.HNO.TMDM.VSC | E88: Trường Cambridge tại lô F3-PTTH1 | F88: PC | G88: KSCL mô hình BIM | H88: TKBVTC | I88: Cao | J88: Nguyễn Văn Hải | M88: 46087 | N88: 46179 | O88: =J88&", "&K88&", "&L88 -> Nguyễn Văn Hải, ,
A89: ="3."&D89&"."&B89 -> 3.B.HNO.VHOHN.KS.101 | B89: =TEXT(COUNTIFS($C$3:C89,C89,$D$3:D89,D89,$F$3:F89,F89)+IF(F89="KT",100,IF(F89="KC",200,IF(F89="DI",300,IF(F89="DN",400,IF(F89="NU",500,IF(F89="DH",600,IF(F89="PC",700,0))))))),"000") -> 101 | C89: Quản lý BIM | D89: B.HNO.VHOHN.KS | E89: Lô đất B9-DV-02 | F89: KT | G89: KSCL mô hình BIM | H89: TKBVTC | I89: Cao | J89: Lý Huy Thành | O89: =J89&", "&K89&", "&L89 -> Lý Huy Thành, ,
A90: ="3."&D90&"."&B90 -> 3.B.HNO.VHOHN.KS.201 | B90: =TEXT(COUNTIFS($C$3:C90,C90,$D$3:D90,D90,$F$3:F90,F90)+IF(F90="KT",100,IF(F90="KC",200,IF(F90="DI",300,IF(F90="DN",400,IF(F90="NU",500,IF(F90="DH",600,IF(F90="PC",700,0))))))),"000") -> 201 | C90: Quản lý BIM | D90: B.HNO.VHOHN.KS | E90: Lô đất B9-DV-02 | F90: KC | G90: KSCL mô hình BIM | H90: TKBVTC | I90: Cao | J90: Lý Huy Thành | O90: =J90&", "&K90&", "&L90 -> Lý Huy Thành, ,
A91: ="3."&D91&"."&B91 -> 3.B.HNO.VHOHN.KS.301 | B91: =TEXT(COUNTIFS($C$3:C91,C91,$D$3:D91,D91,$F$3:F91,F91)+IF(F91="KT",100,IF(F91="KC",200,IF(F91="DI",300,IF(F91="DN",400,IF(F91="NU",500,IF(F91="DH",600,IF(F91="PC",700,0))))))),"000") -> 301 | C91: Quản lý BIM | D91: B.HNO.VHOHN.KS | E91: Lô đất B9-DV-02 | F91: DI | G91: KSCL mô hình BIM | H91: TKBVTC | I91: Cao | J91: Ngô Tuấn Vũ | M91: 46177 | N91: 46305 | O91: =J91&", "&K91&", "&L91 -> Ngô Tuấn Vũ, ,
A92: ="3."&D92&"."&B92 -> 3.B.HNO.VHOHN.KS.401 | B92: =TEXT(COUNTIFS($C$3:C92,C92,$D$3:D92,D92,$F$3:F92,F92)+IF(F92="KT",100,IF(F92="KC",200,IF(F92="DI",300,IF(F92="DN",400,IF(F92="NU",500,IF(F92="DH",600,IF(F92="PC",700,0))))))),"000") -> 401 | C92: Quản lý BIM | D92: B.HNO.VHOHN.KS | E92: Lô đất B9-DV-02 | F92: DN | G92: KSCL mô hình BIM | H92: TKBVTC | I92: Cao | J92: Ngô Tuấn Vũ | M92: 46177 | N92: 46305 | O92: =J92&", "&K92&", "&L92 -> Ngô Tuấn Vũ, ,
A93: ="3."&D93&"."&B93 -> 3.B.HNO.VHOHN.KS.501 | B93: =TEXT(COUNTIFS($C$3:C93,C93,$D$3:D93,D93,$F$3:F93,F93)+IF(F93="KT",100,IF(F93="KC",200,IF(F93="DI",300,IF(F93="DN",400,IF(F93="NU",500,IF(F93="DH",600,IF(F93="PC",700,0))))))),"000") -> 501 | C93: Quản lý BIM | D93: B.HNO.VHOHN.KS | E93: Lô đất B9-DV-02 | F93: NU | G93: KSCL mô hình BIM | H93: TKBVTC | I93: Cao | J93: Ngô Tuấn Vũ | M93: 46177 | N93: 46305 | O93: =J93&", "&K93&", "&L93 -> Ngô Tuấn Vũ, ,
A94: ="3."&D94&"."&B94 -> 3.B.HNO.VHOHN.KS.601 | B94: =TEXT(COUNTIFS($C$3:C94,C94,$D$3:D94,D94,$F$3:F94,F94)+IF(F94="KT",100,IF(F94="KC",200,IF(F94="DI",300,IF(F94="DN",400,IF(F94="NU",500,IF(F94="DH",600,IF(F94="PC",700,0))))))),"000") -> 601 | C94: Quản lý BIM | D94: B.HNO.VHOHN.KS | E94: Lô đất B9-DV-02 | F94: DH | G94: KSCL mô hình BIM | H94: TKBVTC | I94: Cao | J94: Ngô Tuấn Vũ | M94: 46177 | N94: 46305 | O94: =J94&", "&K94&", "&L94 -> Ngô Tuấn Vũ, ,
A95: ="3."&D95&"."&B95 -> 3.B.HNO.VHOHN.KS.701 | B95: =TEXT(COUNTIFS($C$3:C95,C95,$D$3:D95,D95,$F$3:F95,F95)+IF(F95="KT",100,IF(F95="KC",200,IF(F95="DI",300,IF(F95="DN",400,IF(F95="NU",500,IF(F95="DH",600,IF(F95="PC",700,0))))))),"000") -> 701 | C95: Quản lý BIM | D95: B.HNO.VHOHN.KS | E95: Lô đất B9-DV-02 | F95: PC | G95: KSCL mô hình BIM | H95: TKBVTC | I95: Cao | J95: Ngô Tuấn Vũ | M95: 46177 | N95: 46305 | O95: =J95&", "&K95&", "&L95 -> Ngô Tuấn Vũ, ,
A96: ="3."&D96&"."&B96 -> 3.B.HNO.VHOHN.SVD.101 | B96: =TEXT(COUNTIFS($C$3:C96,C96,$D$3:D96,D96,$F$3:F96,F96)+IF(F96="KT",100,IF(F96="KC",200,IF(F96="DI",300,IF(F96="DN",400,IF(F96="NU",500,IF(F96="DH",600,IF(F96="PC",700,0))))))),"000") -> 101 | C96: Quản lý BIM | D96: B.HNO.VHOHN.SVD | E96: SVĐ lô đất TDTT01 | F96: KT | G96: KSCL mô hình BIM | H96: TKBVTC | I96: Cao | J96: Nguyễn Hải Nam | K96: Đặng Minh Quang | M96: 46053 | N96: 46191 | O96: =J96&", "&K96&", "&L96 -> Nguyễn Hải Nam, Đặng Minh Quang,
A97: ="3."&D97&"."&B97 -> 3.B.HNO.VHOHN.SVD.201 | B97: =TEXT(COUNTIFS($C$3:C97,C97,$D$3:D97,D97,$F$3:F97,F97)+IF(F97="KT",100,IF(F97="KC",200,IF(F97="DI",300,IF(F97="DN",400,IF(F97="NU",500,IF(F97="DH",600,IF(F97="PC",700,0))))))),"000") -> 201 | C97: Quản lý BIM | D97: B.HNO.VHOHN.SVD | E97: SVĐ lô đất TDTT01 | F97: KC | G97: KSCL mô hình BIM | H97: TKBVTC | I97: Cao | J97: Nguyễn Hải Nam | K97: Đặng Minh Quang | M97: 46053 | N97: 46191 | O97: =J97&", "&K97&", "&L97 -> Nguyễn Hải Nam, Đặng Minh Quang,
A98: ="3."&D98&"."&B98 -> 3.B.HNO.VHOHN.SVD.301 | B98: =TEXT(COUNTIFS($C$3:C98,C98,$D$3:D98,D98,$F$3:F98,F98)+IF(F98="KT",100,IF(F98="KC",200,IF(F98="DI",300,IF(F98="DN",400,IF(F98="NU",500,IF(F98="DH",600,IF(F98="PC",700,0))))))),"000") -> 301 | C98: Quản lý BIM | D98: B.HNO.VHOHN.SVD | E98: SVĐ lô đất TDTT01 | F98: DI | G98: KSCL mô hình BIM | H98: TKBVTC | I98: Cao | J98: Nguyễn Văn Hải | M98: 46053 | N98: 46191 | O98: =J98&", "&K98&", "&L98 -> Nguyễn Văn Hải, ,
A99: ="3."&D99&"."&B99 -> 3.B.HNO.VHOHN.SVD.401 | B99: =TEXT(COUNTIFS($C$3:C99,C99,$D$3:D99,D99,$F$3:F99,F99)+IF(F99="KT",100,IF(F99="KC",200,IF(F99="DI",300,IF(F99="DN",400,IF(F99="NU",500,IF(F99="DH",600,IF(F99="PC",700,0))))))),"000") -> 401 | C99: Quản lý BIM | D99: B.HNO.VHOHN.SVD | E99: SVĐ lô đất TDTT01 | F99: DN | G99: KSCL mô hình BIM | H99: TKBVTC | I99: Cao | J99: Nguyễn Văn Hải | M99: 46053 | N99: 46191 | O99: =J99&", "&K99&", "&L99 -> Nguyễn Văn Hải, ,
A100: ="3."&D100&"."&B100 -> 3.B.HNO.VHOHN.SVD.501 | B100: =TEXT(COUNTIFS($C$3:C100,C100,$D$3:D100,D100,$F$3:F100,F100)+IF(F100="KT",100,IF(F100="KC",200,IF(F100="DI",300,IF(F100="DN",400,IF(F100="NU",500,IF(F100="DH",600,IF(F100="PC",700,0))))))),"000") -> 501 | C100: Quản lý BIM | D100: B.HNO.VHOHN.SVD | E100: SVĐ lô đất TDTT01 | F100: NU | G100: KSCL mô hình BIM | H100: TKBVTC | I100: Cao | J100: Nguyễn Văn Hải | M100: 46053 | N100: 46191 | O100: =J100&", "&K100&", "&L100 -> Nguyễn Văn Hải, ,
A101: ="3."&D101&"."&B101 -> 3.B.HNO.VHOHN.SVD.601 | B101: =TEXT(COUNTIFS($C$3:C101,C101,$D$3:D101,D101,$F$3:F101,F101)+IF(F101="KT",100,IF(F101="KC",200,IF(F101="DI",300,IF(F101="DN",400,IF(F101="NU",500,IF(F101="DH",600,IF(F101="PC",700,0))))))),"000") -> 601 | C101: Quản lý BIM | D101: B.HNO.VHOHN.SVD | E101: SVĐ lô đất TDTT01 | F101: DH | G101: KSCL mô hình BIM | H101: TKBVTC | I101: Cao | J101: Nguyễn Văn Hải | M101: 46053 | N101: 46191 | O101: =J101&", "&K101&", "&L101 -> Nguyễn Văn Hải, ,
A102: ="3."&D102&"."&B102 -> 3.B.HNO.VHOHN.SVD.701 | B102: =TEXT(COUNTIFS($C$3:C102,C102,$D$3:D102,D102,$F$3:F102,F102)+IF(F102="KT",100,IF(F102="KC",200,IF(F102="DI",300,IF(F102="DN",400,IF(F102="NU",500,IF(F102="DH",600,IF(F102="PC",700,0))))))),"000") -> 701 | C102: Quản lý BIM | D102: B.HNO.VHOHN.SVD | E102: SVĐ lô đất TDTT01 | F102: PC | G102: KSCL mô hình BIM | H102: TKBVTC | I102: Cao | J102: Nguyễn Văn Hải | M102: 46053 | N102: 46191 | O102: =J102&", "&K102&", "&L102 -> Nguyễn Văn Hải, ,
A103: ="3."&D103&"."&B103 -> 3.B.HPH.VYHP.VSC.101 | B103: =TEXT(COUNTIFS($C$3:C103,C103,$D$3:D103,D103,$F$3:F103,F103)+IF(F103="KT",100,IF(F103="KC",200,IF(F103="DI",300,IF(F103="DN",400,IF(F103="NU",500,IF(F103="DH",600,IF(F103="PC",700,0))))))),"000") -> 101 | C103: Quản lý BIM | D103: B.HPH.VYHP.VSC | E103: Trường VSC B2.THPT02 | F103: KT | G103: KSCL mô hình BIM | H103: TKBVTC | I103: Cao | J103: Trần Văn Toản | M103: 45978 | N103: 46183 | O103: =J103&", "&K103&", "&L103 -> Trần Văn Toản, ,
A104: ="3."&D104&"."&B104 -> 3.B.HPH.VYHP.VSC.201 | B104: =TEXT(COUNTIFS($C$3:C104,C104,$D$3:D104,D104,$F$3:F104,F104)+IF(F104="KT",100,IF(F104="KC",200,IF(F104="DI",300,IF(F104="DN",400,IF(F104="NU",500,IF(F104="DH",600,IF(F104="PC",700,0))))))),"000") -> 201 | C104: Quản lý BIM | D104: B.HPH.VYHP.VSC | E104: Trường VSC B2.THPT02 | F104: KC | G104: KSCL mô hình BIM | H104: TKBVTC | I104: Cao | J104: Trần Văn Toản | M104: 45978 | N104: 46183 | O104: =J104&", "&K104&", "&L104 -> Trần Văn Toản, ,
A105: ="3."&D105&"."&B105 -> 3.B.HYE.NOXHHY.CT.101 | B105: =TEXT(COUNTIFS($C$3:C105,C105,$D$3:D105,D105,$F$3:F105,F105)+IF(F105="KT",100,IF(F105="KC",200,IF(F105="DI",300,IF(F105="DN",400,IF(F105="NU",500,IF(F105="DH",600,IF(F105="PC",700,0))))))),"000") -> 101 | C105: Quản lý BIM | D105: B.HYE.NOXHHY.CT | E105: NOXH01 (04 tòa) | F105: KT | G105: KSCL mô hình BIM | H105: TKBVTC | I105: Cao | J105: Đỗ Minh Ngọc | M105: 46115 | N105: 46211 | O105: =J105&", "&K105&", "&L105 -> Đỗ Minh Ngọc, ,
A106: ="3."&D106&"."&B106 -> 3.B.HYE.NOXHHY.CT.201 | B106: =TEXT(COUNTIFS($C$3:C106,C106,$D$3:D106,D106,$F$3:F106,F106)+IF(F106="KT",100,IF(F106="KC",200,IF(F106="DI",300,IF(F106="DN",400,IF(F106="NU",500,IF(F106="DH",600,IF(F106="PC",700,0))))))),"000") -> 201 | C106: Quản lý BIM | D106: B.HYE.NOXHHY.CT | E106: NOXH01 (04 tòa) | F106: KC | G106: KSCL mô hình BIM | H106: TKBVTC | I106: Cao | J106: Đỗ Minh Ngọc | M106: 46135 | N106: 46211 | O106: =J106&", "&K106&", "&L106 -> Đỗ Minh Ngọc, ,
A107: ="3."&D107&"."&B107 -> 3.B.HYE.NOXHHY.CT.301 | B107: =TEXT(COUNTIFS($C$3:C107,C107,$D$3:D107,D107,$F$3:F107,F107)+IF(F107="KT",100,IF(F107="KC",200,IF(F107="DI",300,IF(F107="DN",400,IF(F107="NU",500,IF(F107="DH",600,IF(F107="PC",700,0))))))),"000") -> 301 | C107: Quản lý BIM | D107: B.HYE.NOXHHY.CT | E107: NOXH01 (04 tòa) | F107: DI | G107: KSCL mô hình BIM | H107: TKBVTC | I107: Cao | J107: Đặng Thái Sơn | M107: 46135 | N107: 46186 | O107: =J107&", "&K107&", "&L107 -> Đặng Thái Sơn, ,
A108: ="3."&D108&"."&B108 -> 3.B.HYE.NOXHHY.CT.401 | B108: =TEXT(COUNTIFS($C$3:C108,C108,$D$3:D108,D108,$F$3:F108,F108)+IF(F108="KT",100,IF(F108="KC",200,IF(F108="DI",300,IF(F108="DN",400,IF(F108="NU",500,IF(F108="DH",600,IF(F108="PC",700,0))))))),"000") -> 401 | C108: Quản lý BIM | D108: B.HYE.NOXHHY.CT | E108: NOXH01 (04 tòa) | F108: DN | G108: KSCL mô hình BIM | H108: TKBVTC | I108: Cao | J108: Đặng Thái Sơn | M108: 46135 | N108: 46186 | O108: =J108&", "&K108&", "&L108 -> Đặng Thái Sơn, ,
A109: ="3."&D109&"."&B109 -> 3.B.HYE.NOXHHY.CT.501 | B109: =TEXT(COUNTIFS($C$3:C109,C109,$D$3:D109,D109,$F$3:F109,F109)+IF(F109="KT",100,IF(F109="KC",200,IF(F109="DI",300,IF(F109="DN",400,IF(F109="NU",500,IF(F109="DH",600,IF(F109="PC",700,0))))))),"000") -> 501 | C109: Quản lý BIM | D109: B.HYE.NOXHHY.CT | E109: NOXH01 (04 tòa) | F109: NU | G109: KSCL mô hình BIM | H109: TKBVTC | I109: Cao | J109: Đặng Thái Sơn | M109: 46135 | N109: 46186 | O109: =J109&", "&K109&", "&L109 -> Đặng Thái Sơn, ,
... A137: ="3."&D137&"."&B137 -> 3.B.HYE.NOXHPH.NX.202 | B137: =TEXT(COUNTIFS($C$3:C137,C137,$D$3:D137,D137,$F$3:F137,F137)+IF(F137="KT",100,IF(F137="KC",200,IF(F137="DI",300,IF(F137="DN",400,IF(F137="NU",500,IF(F137="DH",600,IF(F137="PC",700,0))))))),"000") -> 202 | C137: Quản lý BIM | D137: B.HYE.NOXHPH.NX | E137: Nhà xe BDX-05 | F137: KC | G137: KSCL mô hình BIM | H137: TKBVTC | I137: Cao | J137: Đặng Minh Quang | M137: 46117 | N137: 46174 | O137: =J137&", "&K137&", "&L137 -> Đặng Minh Quang, ,
A138: ="3."&D138&"."&B138 -> 3.B.HYE.NOXHPH.NX.301 | B138: =TEXT(COUNTIFS($C$3:C138,C138,$D$3:D138,D138,$F$3:F138,F138)+IF(F138="KT",100,IF(F138="KC",200,IF(F138="DI",300,IF(F138="DN",400,IF(F138="NU",500,IF(F138="DH",600,IF(F138="PC",700,0))))))),"000") -> 301 | C138: Quản lý BIM | D138: B.HYE.NOXHPH.NX | E138: Nhà xe BDX-05 | F138: DI | G138: KSCL mô hình BIM | H138: TKBVTC | I138: Cao | J138: Ngô Tuấn Vũ | M138: 46117 | N138: 46174
A139: ="3."&D139&"."&B139 -> 3.B.HYE.NOXHPH.NX.302 | B139: =TEXT(COUNTIFS($C$3:C139,C139,$D$3:D139,D139,$F$3:F139,F139)+IF(F139="KT",100,IF(F139="KC",200,IF(F139="DI",300,IF(F139="DN",400,IF(F139="NU",500,IF(F139="DH",600,IF(F139="PC",700,0))))))),"000") -> 302 | C139: Quản lý BIM | D139: B.HYE.NOXHPH.NX | E139: Nhà xe BDX-05 | F139: DI | G139: KSCL mô hình BIM | H139: TKBVTC | I139: Cao | J139: Ngô Tuấn Vũ | M139: 46117 | N139: 46174
A140: ="3."&D140&"."&B140 -> 3.B.HYE.NOXHPH.NX.303 | B140: =TEXT(COUNTIFS($C$3:C140,C140,$D$3:D140,D140,$F$3:F140,F140)+IF(F140="KT",100,IF(F140="KC",200,IF(F140="DI",300,IF(F140="DN",400,IF(F140="NU",500,IF(F140="DH",600,IF(F140="PC",700,0))))))),"000") -> 303 | C140: Quản lý BIM | D140: B.HYE.NOXHPH.NX | E140: Nhà xe BDX-05 | F140: DI | G140: KSCL mô hình BIM | H140: TKBVTC | I140: Cao | J140: Ngô Tuấn Vũ | M140: 46117 | N140: 46174
A141: ="3."&D141&"."&B141 -> 3.B.HYE.NOXHPH.NX.304 | B141: =TEXT(COUNTIFS($C$3:C141,C141,$D$3:D141,D141,$F$3:F141,F141)+IF(F141="KT",100,IF(F141="KC",200,IF(F141="DI",300,IF(F141="DN",400,IF(F141="NU",500,IF(F141="DH",600,IF(F141="PC",700,0))))))),"000") -> 304 | C141: Quản lý BIM | D141: B.HYE.NOXHPH.NX | E141: Nhà xe BDX-05 | F141: DI | G141: KSCL mô hình BIM | H141: TKBVTC | I141: Cao | J141: Ngô Tuấn Vũ | M141: 46117 | N141: 46174
A142: ="3."&D142&"."&B142 -> 3.B.HYE.NOXHPH.NX.305 | B142: =TEXT(COUNTIFS($C$3:C142,C142,$D$3:D142,D142,$F$3:F142,F142)+IF(F142="KT",100,IF(F142="KC",200,IF(F142="DI",300,IF(F142="DN",400,IF(F142="NU",500,IF(F142="DH",600,IF(F142="PC",700,0))))))),"000") -> 305 | C142: Quản lý BIM | D142: B.HYE.NOXHPH.NX | E142: Nhà xe BDX-05 | F142: DI | G142: KSCL mô hình BIM | H142: TKBVTC | I142: Cao | J142: Ngô Tuấn Vũ | M142: 46117 | N142: 46174
A143: ="3."&D143&"."&B143 -> 3.B.HYE.PVF.101 | B143: =TEXT(COUNTIFS($C$3:C143,C143,$D$3:D143,D143,$F$3:F143,F143)+IF(F143="KT",100,IF(F143="KC",200,IF(F143="DI",300,IF(F143="DN",400,IF(F143="NU",500,IF(F143="DH",600,IF(F143="PC",700,0))))))),"000") -> 101 | C143: Quản lý BIM | D143: B.HYE.PVF | E143: Nhà thi đấu TDTT03 | F143: KT | G143: KSCL mô hình BIM | H143: TKBVTC | I143: Cao | J143: Đỗ Minh Ngọc | M143: 46007 | N143: 46178 | O143: =J143&", "&K143&", "&L143 -> Đỗ Minh Ngọc, ,
A144: ="3."&D144&"."&B144 -> 3.B.HYE.PVF.102 | B144: =TEXT(COUNTIFS($C$3:C144,C144,$D$3:D144,D144,$F$3:F144,F144)+IF(F144="KT",100,IF(F144="KC",200,IF(F144="DI",300,IF(F144="DN",400,IF(F144="NU",500,IF(F144="DH",600,IF(F144="PC",700,0))))))),"000") -> 102 | C144: Quản lý BIM | D144: B.HYE.PVF | E144: Nhà thi đấu TDTT03 | F144: KT | G144: Xuất khối lượng từ mô hình BIM | H144: TKBVTC | I144: Cao | J144: Lý Huy Thành | M144: 46156 | N144: 46157 | O144: =J144&", "&K144&", "&L144 -> Lý Huy Thành, ,
A145: ="3."&D145&"."&B145 -> 3.B.HYE.PVF.201 | B145: =TEXT(COUNTIFS($C$3:C145,C145,$D$3:D145,D145,$F$3:F145,F145)+IF(F145="KT",100,IF(F145="KC",200,IF(F145="DI",300,IF(F145="DN",400,IF(F145="NU",500,IF(F145="DH",600,IF(F145="PC",700,0))))))),"000") -> 201 | C145: Quản lý BIM | D145: B.HYE.PVF | E145: Nhà thi đấu TDTT03 | F145: KC | G145: KSCL mô hình BIM | H145: TKBVTC | I145: Cao | J145: Đỗ Minh Ngọc | M145: 46014 | N145: 46178 | O145: =J145&", "&K145&", "&L145 -> Đỗ Minh Ngọc, ,
A146: ="3."&D146&"."&B146 -> 3.B.HYE.PVF.202 | B146: =TEXT(COUNTIFS($C$3:C146,C146,$D$3:D146,D146,$F$3:F146,F146)+IF(F146="KT",100,IF(F146="KC",200,IF(F146="DI",300,IF(F146="DN",400,IF(F146="NU",500,IF(F146="DH",600,IF(F146="PC",700,0))))))),"000") -> 202 | C146: Quản lý BIM | D146: B.HYE.PVF | E146: Nhà thi đấu TDTT03 | F146: KC | G146: Xuất khối lượng từ mô hình BIM | H146: TKBVTC | I146: Cao | J146: Nguyễn Hải Nam | M146: 46156 | N146: 46157 | O146: =J146&", "&K146&", "&L146 -> Nguyễn Hải Nam, ,
A147: ="3."&D147&"."&B147 -> 3.B.HYE.PVF.301 | B147: =TEXT(COUNTIFS($C$3:C147,C147,$D$3:D147,D147,$F$3:F147,F147)+IF(F147="KT",100,IF(F147="KC",200,IF(F147="DI",300,IF(F147="DN",400,IF(F147="NU",500,IF(F147="DH",600,IF(F147="PC",700,0))))))),"000") -> 301 | C147: Quản lý BIM | D147: B.HYE.PVF | E147: Nhà thi đấu TDTT03 | F147: DI | G147: KSCL mô hình BIM | H147: TKBVTC | I147: Cao | J147: Phan Trường Giang | M147: 46013 | N147: 46157 | O147: =J147&", "&K147&", "&L147 -> Phan Trường Giang, ,
A148: ="3."&D148&"."&B148 -> 3.B.HYE.PVF.401 | B148: =TEXT(COUNTIFS($C$3:C148,C148,$D$3:D148,D148,$F$3:F148,F148)+IF(F148="KT",100,IF(F148="KC",200,IF(F148="DI",300,IF(F148="DN",400,IF(F148="NU",500,IF(F148="DH",600,IF(F148="PC",700,0))))))),"000") -> 401 | C148: Quản lý BIM | D148: B.HYE.PVF | E148: Nhà thi đấu TDTT03 | F148: DN | G148: KSCL mô hình BIM | H148: TKBVTC | I148: Cao | J148: Phan Trường Giang | M148: 46013 | N148: 46157 | O148: =J148&", "&K148&", "&L148 -> Phan Trường Giang, ,
A149: ="3."&D149&"."&B149 -> 3.B.HYE.PVF.501 | B149: =TEXT(COUNTIFS($C$3:C149,C149,$D$3:D149,D149,$F$3:F149,F149)+IF(F149="KT",100,IF(F149="KC",200,IF(F149="DI",300,IF(F149="DN",400,IF(F149="NU",500,IF(F149="DH",600,IF(F149="PC",700,0))))))),"000") -> 501 | C149: Quản lý BIM | D149: B.HYE.PVF | E149: Nhà thi đấu TDTT03 | F149: NU | G149: KSCL mô hình BIM | H149: TKBVTC | I149: Cao | J149: Phan Trường Giang | M149: 46013 | N149: 46157 | O149: =J149&", "&K149&", "&L149 -> Phan Trường Giang, ,
A150: ="3."&D150&"."&B150 -> 3.B.HYE.PVF.601 | B150: =TEXT(COUNTIFS($C$3:C150,C150,$D$3:D150,D150,$F$3:F150,F150)+IF(F150="KT",100,IF(F150="KC",200,IF(F150="DI",300,IF(F150="DN",400,IF(F150="NU",500,IF(F150="DH",600,IF(F150="PC",700,0))))))),"000") -> 601 | C150: Quản lý BIM | D150: B.HYE.PVF | E150: Nhà thi đấu TDTT03 | F150: DH | G150: KSCL mô hình BIM | H150: TKBVTC | I150: Cao | J150: Phan Trường Giang | M150: 46013 | N150: 46157 | O150: =J150&", "&K150&", "&L150 -> Phan Trường Giang, ,
A151: ="3."&D151&"."&B151 -> 3.B.HYE.PVF.701 | B151: =TEXT(COUNTIFS($C$3:C151,C151,$D$3:D151,D151,$F$3:F151,F151)+IF(F151="KT",100,IF(F151="KC",200,IF(F151="DI",300,IF(F151="DN",400,IF(F151="NU",500,IF(F151="DH",600,IF(F151="PC",700,0))))))),"000") -> 701 | C151: Quản lý BIM | D151: B.HYE.PVF | E151: Nhà thi đấu TDTT03 | F151: PC | G151: KSCL mô hình BIM | H151: TKBVTC | I151: Cao | J151: Phan Trường Giang | M151: 46013 | N151: 46157 | O151: =J151&", "&K151&", "&L151 -> Phan Trường Giang, ,
A152: ="3."&D152&"."&B152 -> 3.B.HYE.PVF.103 | B152: =TEXT(COUNTIFS($C$3:C152,C152,$D$3:D152,D152,$F$3:F152,F152)+IF(F152="KT",100,IF(F152="KC",200,IF(F152="DI",300,IF(F152="DN",400,IF(F152="NU",500,IF(F152="DH",600,IF(F152="PC",700,0))))))),"000") -> 103 | C152: Quản lý BIM | D152: B.HYE.PVF | E152: Sân vận động TDTT01 | F152: KT | G152: KSCL mô hình BIM | H152: TKBVTC | I152: Cao | J152: Trần Văn Diện | K152: Trần Văn Toản | M152: 45959 | N152: 46175 | O152: =J152&", "&K152&", "&L152 -> Trần Văn Diện, Trần Văn Toản,
A153: ="3."&D153&"."&B153 -> 3.B.HYE.PVF.203 | B153: =TEXT(COUNTIFS($C$3:C153,C153,$D$3:D153,D153,$F$3:F153,F153)+IF(F153="KT",100,IF(F153="KC",200,IF(F153="DI",300,IF(F153="DN",400,IF(F153="NU",500,IF(F153="DH",600,IF(F153="PC",700,0))))))),"000") -> 203 | C153: Quản lý BIM | D153: B.HYE.PVF | E153: Sân vận động TDTT01 | F153: KC | G153: KSCL mô hình BIM | H153: TKBVTC | I153: Cao | J153: Trần Văn Diện | K153: Trần Văn Toản | M153: 45961 | N153: 46175 | O153: =J153&", "&K153&", "&L153 -> Trần Văn Diện, Trần Văn Toản,
A154: ="3."&D154&"."&B154 -> 3.B.HYE.PVF.204 | B154: =TEXT(COUNTIFS($C$3:C154,C154,$D$3:D154,D154,$F$3:F154,F154)+IF(F154="KT",100,IF(F154="KC",200,IF(F154="DI",300,IF(F154="DN",400,IF(F154="NU",500,IF(F154="DH",600,IF(F154="PC",700,0))))))),"000") -> 204 | C154: Quản lý BIM | D154: B.HYE.PVF | E154: Sân vận động TDTT01 | F154: KC | G154: Xuất khối lượng từ mô hình BIM | H154: TKBVTC | I154: Cao | J154: Trần Văn Diện | K154: Trần Văn Toản | M154: 46174 | N154: 46175 | O154: =J154&", "&K154&", "&L154 -> Trần Văn Diện, Trần Văn Toản,
A155: ="3."&D155&"."&B155 -> 3.B.HYE.PVF.302 | B155: =TEXT(COUNTIFS($C$3:C155,C155,$D$3:D155,D155,$F$3:F155,F155)+IF(F155="KT",100,IF(F155="KC",200,IF(F155="DI",300,IF(F155="DN",400,IF(F155="NU",500,IF(F155="DH",600,IF(F155="PC",700,0))))))),"000") -> 302 | C155: Quản lý BIM | D155: B.HYE.PVF | E155: Sân vận động TDTT01 | F155: DI | G155: KSCL mô hình BIM | H155: TKBVTC | I155: Cao | J155: Đặng Thái Sơn | M155: 46175 | N155: 46179 | O155: =J155&", "&K155&", "&L155 -> Đặng Thái Sơn, ,
A156: ="3."&D156&"."&B156 -> 3.B.HYE.PVF.402 | B156: =TEXT(COUNTIFS($C$3:C156,C156,$D$3:D156,D156,$F$3:F156,F156)+IF(F156="KT",100,IF(F156="KC",200,IF(F156="DI",300,IF(F156="DN",400,IF(F156="NU",500,IF(F156="DH",600,IF(F156="PC",700,0))))))),"000") -> 402 | C156: Quản lý BIM | D156: B.HYE.PVF | E156: Sân vận động TDTT01 | F156: DN | G156: KSCL mô hình BIM | H156: TKBVTC | I156: Cao | J156: Đặng Thái Sơn | M156: 46175 | N156: 46179 | O156: =J156&", "&K156&", "&L156 -> Đặng Thái Sơn, ,
A157: ="3."&D157&"."&B157 -> 3.B.HYE.PVF.502 | B157: =TEXT(COUNTIFS($C$3:C157,C157,$D$3:D157,D157,$F$3:F157,F157)+IF(F157="KT",100,IF(F157="KC",200,IF(F157="DI",300,IF(F157="DN",400,IF(F157="NU",500,IF(F157="DH",600,IF(F157="PC",700,0))))))),"000") -> 502 | C157: Quản lý BIM | D157: B.HYE.PVF | E157: Sân vận động TDTT01 | F157: NU | G157: KSCL mô hình BIM | H157: TKBVTC | I157: Cao | J157: Đặng Thái Sơn | M157: 46175 | N157: 46179 | O157: =J157&", "&K157&", "&L157 -> Đặng Thái Sơn, ,
A158: ="3."&D158&"."&B158 -> 3.B.HYE.PVF.602 | B158: =TEXT(COUNTIFS($C$3:C158,C158,$D$3:D158,D158,$F$3:F158,F158)+IF(F158="KT",100,IF(F158="KC",200,IF(F158="DI",300,IF(F158="DN",400,IF(F158="NU",500,IF(F158="DH",600,IF(F158="PC",700,0))))))),"000") -> 602 | C158: Quản lý BIM | D158: B.HYE.PVF | E158: Sân vận động TDTT01 | F158: DH | G158: KSCL mô hình BIM | H158: TKBVTC | I158: Cao | J158: Đặng Thái Sơn | M158: 46175 | N158: 46179 | O158: =J158&", "&K158&", "&L158 -> Đặng Thái Sơn, ,
A159: ="3."&D159&"."&B159 -> 3.B.HYE.PVF.702 | B159: =TEXT(COUNTIFS($C$3:C159,C159,$D$3:D159,D159,$F$3:F159,F159)+IF(F159="KT",100,IF(F159="KC",200,IF(F159="DI",300,IF(F159="DN",400,IF(F159="NU",500,IF(F159="DH",600,IF(F159="PC",700,0))))))),"000") -> 702 | C159: Quản lý BIM | D159: B.HYE.PVF | E159: Sân vận động TDTT01 | F159: PC | G159: KSCL mô hình BIM | H159: TKBVTC | I159: Cao | J159: Đặng Thái Sơn | M159: 46175 | N159: 46179 | O159: =J159&", "&K159&", "&L159 -> Đặng Thái Sơn, ,
A160: ="3."&D160&"."&B160 -> 3.B.HYE.PVF.503 | B160: =TEXT(COUNTIFS($C$3:C160,C160,$D$3:D160,D160,$F$3:F160,F160)+IF(F160="KT",100,IF(F160="KC",200,IF(F160="DI",300,IF(F160="DN",400,IF(F160="NU",500,IF(F160="DH",600,IF(F160="PC",700,0))))))),"000") -> 503 | C160: Quản lý BIM | D160: B.HYE.PVF | E160: Sân vận động TDTT01 | F160: NU | G160: Tạo lập mô hình BIM | H160: TKBVTC | I160: Trung bình | J160: Nguyễn Văn Hải | M160: 46174 | N160: 46178 | O160: =J160&", "&K160&", "&L160 -> Nguyễn Văn Hải, ,
A161: ="3."&D161&"."&B161 -> 3.B.HYE.PVF.603 | B161: =TEXT(COUNTIFS($C$3:C161,C161,$D$3:D161,D161,$F$3:F161,F161)+IF(F161="KT",100,IF(F161="KC",200,IF(F161="DI",300,IF(F161="DN",400,IF(F161="NU",500,IF(F161="DH",600,IF(F161="PC",700,0))))))),"000") -> 603 | C161: Quản lý BIM | D161: B.HYE.PVF | E161: Sân vận động TDTT01 | F161: DH | G161: Tạo lập mô hình BIM | H161: TKBVTC | I161: Cao | J161: Đặng Thái Sơn | M161: 46167 | N161: 46176 | O161: =J161&", "&K161&", "&L161 -> Đặng Thái Sơn, ,
A162: ="3."&D162&"."&B162 -> 3.B.QNI.HLX.CT.101 | B162: =TEXT(COUNTIFS($C$3:C162,C162,$D$3:D162,D162,$F$3:F162,F162)+IF(F162="KT",100,IF(F162="KC",200,IF(F162="DI",300,IF(F162="DN",400,IF(F162="NU",500,IF(F162="DH",600,IF(F162="PC",700,0))))))),"000") -> 101 | C162: Quản lý BIM | D162: B.QNI.HLX.CT | E162: Hầm lô B03.2-CCCT-01 | F162: KT | G162: Tạo lập mô hình BIM | H162: TKCS | I162: Cao | J162: Nguyễn Hải Nam | M162: 46163 | N162: 46165 | O162: =J162&", "&K162&", "&L162 -> Nguyễn Hải Nam, ,
...

Sheet Bảng 4
C1: BẢNG GIAO VIỆC THANH TRA BIM
A2: Sum ID | B2: Sub ID | C2: Level 1 | D2: Level 2 | E2: Level 3 | F2: Level 4 | G2: Level 5 | H2: Mức độ ưu tiên | I2: Nhân sự thực hiện 01 | J2: Nhân sự thực hiện 02 | K2: Nhân sự thực hiện 03 | L2: Bắt đầu | M2: Kết thúc
A3: ="4."&D3&"."&B3 -> 4.B.HNO.VHOHN.SVD.001 | B3: 001 | C3: Thanh tra BIM | D3: B.HNO.VHOHN.SVD | E3: Khách sạn lô B5.02.04 | F3: BIM | G3: Đánh giá KSCL mô hình | H3: Cao
A4: ="4."&D4&"."&B4 -> 4.B.HYE.PVF.002 | B4: 002 | C4: Thanh tra BIM | D4: B.HYE.PVF | G4: Lấy ý kiến xác nhận lỗi | H4: Cao
A5: ="4."&D5&"."&B5 -> 4..003 | B5: 003 | C5: Thanh tra BIM | G5: Lập BB XLVP | H5: Cao
A6: ="4."&D6&"."&B6 -> 4..004 | B6: 004 | C6: Thanh tra BIM | H6: Cao
A7: ="4."&D7&"."&B7 -> 4..005 | B7: 005 | C7: Thanh tra BIM | H7: Cao
A8: ="4."&D8&"."&B8 -> 4..006 | B8: 006 | C8: Thanh tra BIM | H8: Cao
A9: ="4."&D9&"."&B9 -> 4..007 | B9: 007 | C9: Thanh tra BIM | H9: Cao
A10: ="4."&D10&"."&B10 -> 4..008 | B10: 008 | C10: Thanh tra BIM | H10: Cao
A11: ="4."&D11&"."&B11 -> 4..009 | B11: 009 | C11: Thanh tra BIM | H11: Cao
A12: ="4."&D12&"."&B12 -> 4..010 | B12: 010 | C12: Thanh tra BIM | H12: Cao
A13: ="4."&D13&"."&B13 -> 4..011 | B13: 011 | C13: Thanh tra BIM | H13: Cao
A14: ="4."&D14&"."&B14 -> 4..012 | B14: 012 | C14: Thanh tra BIM | H14: Cao
A15: ="4."&D15&"."&B15 -> 4..013 | B15: 013 | C15: Thanh tra BIM | H15: Cao
A16: ="4."&D16&"."&B16 -> 4..014 | B16: 014 | C16: Thanh tra BIM | H16: Cao
A17: ="4."&D17&"."&B17 -> 4..015 | B17: 015 | C17: Thanh tra BIM | H17: Cao

Sheet Bảng 5
C1: BẢNG GIAO VIỆC PHÁT TRIỂN BIM TOOLS
A2: Sum ID | B2: Sub ID | C2: Level 1 | D2: Level 2 | E2: Level 3 | F2: Level 4 | G2: Level 5 | H2: Mức độ ưu tiên | I2: Nhân sự thực hiện 01 | J2: Nhân sự thực hiện 02 | K2: Nhân sự thực hiện 03 | L2: Bắt đầu | M2: Kết thúc
A3: ="5."&D3&"."&B3 -> 5.Revit.01 | B3: 01 | C3: Phát triển BIM Tools | D3: Revit | E3: Dàn trang tài liệu bán hàng CAD | F3: BIM IT | G3: Thực hiện Code | H3: Cao | I3: Nguyễn Thanh Phương | L3: 46177 | M3: 46177
A4: ="5."&D4&"."&B4 -> 5.Revit.02 | B4: 02 | C4: Phát triển BIM Tools | D4: Revit | E4: Dàn trang tài liệu bán hàng CAD | F4: BIM IT | G4: Chạy thử và Đánh giá | H4: Cao | I4: Nguyễn Thanh Phương | L4: 46177 | M4: 46177
A5: ="5."&D5&"."&B5 -> 5.Revit.03 | B5: 03 | C5: Phát triển BIM Tools | D5: Revit | E5: Dàn trang tài liệu bán hàng CAD | F5: BIM IT | G5: Hướng dẫn sử dụng | H5: Cao | I5: Nguyễn Thanh Phương | L5: 46177 | M5: 46177
A6: ="5."&D6&"."&B6 -> 5.Revit.04 | B6: 04 | C6: Phát triển BIM Tools | D6: Revit | E6: Dàn trang tài liệu bán hàng CAD | F6: BIM IT | G6: Xuất bản | H6: Cao | I6: Nguyễn Thanh Phương | L6: 46177 | M6: 46177
A7: ="5."&D7&"."&B7 -> 5.Revit.05 | B7: 05 | C7: Phát triển BIM Tools | D7: Revit | E7: Edit Tường, Sàn KT | F7: BIM IT | G7: Ghi nhận yêu cầu và tìm hiểu nghiệp vụ | H7: Trung bình | I7: Nguyễn Thanh Phương | L7: 46161 | M7: 46161
A8: ="5."&D8&"."&B8 -> 5.Revit.06 | B8: 06 | C8: Phát triển BIM Tools | D8: Revit | E8: Edit Tường, Sàn KT | F8: BIM IT | G8: Lên và Trình PD phương án | H8: Trung bình | I8: Nguyễn Thanh Phương
A9: ="5."&D9&"."&B9 -> 5.Revit.07 | B9: 07 | C9: Phát triển BIM Tools | D9: Revit | E9: Edit Tường, Sàn KT | F9: BIM IT | G9: Thực hiện Code | H9: Trung bình | I9: Nguyễn Thanh Phương | L9: 46162 | M9: 46174
A10: ="5."&D10&"."&B10 -> 5.Revit.08 | B10: 08 | C10: Phát triển BIM Tools | D10: Revit | E10: Edit Tường, Sàn KT | F10: BIM IT | G10: Chạy thử và Đánh giá | H10: Trung bình | I10: Nguyễn Thanh Phương | L10: 46174 | M10: 46174
A11: ="5."&D11&"."&B11 -> 5.Revit.09 | B11: 09 | C11: Phát triển BIM Tools | D11: Revit | E11: Edit Tường, Sàn KT | F11: BIM IT | G11: Fix lỗi | H11: Trung bình | I11: Nguyễn Thanh Phương
A12: ="5."&D12&"."&B12 -> 5.Revit.10 | B12: 10 | C12: Phát triển BIM Tools | D12: Revit | E12: Edit Tường, Sàn KT | F12: BIM IT | G12: Hướng dẫn sử dụng | H12: Trung bình | I12: Nguyễn Thanh Phương | L12: 46175 | M12: 46175
A13: ="5."&D13&"."&B13 -> 5.Revit.11 | B13: 11 | C13: Phát triển BIM Tools | D13: Revit | E13: Edit Tường, Sàn KT | F13: BIM IT | G13: Xuất bản | H13: Trung bình | I13: Nguyễn Thanh Phương | L13: 46176 | M13: 46176
A14: ="5."&D14&"."&B14 -> 5.Revit.12 | B14: 12 | C14: Phát triển BIM Tools | D14: Revit | E14: Thống kê tình trạng bàn giao đất | F14: BIM IT | G14: Ghi nhận yêu cầu và tìm hiểu nghiệp vụ | H14: Cao | I14: Nguyễn Thanh Phương | L14: 46157 | M14: 46157
A15: ="5."&D15&"."&B15 -> 5.Revit.13 | B15: 13 | C15: Phát triển BIM Tools | D15: Revit | E15: Thống kê tình trạng bàn giao đất | F15: BIM IT | G15: Lên và Trình PD phương án | H15: Cao | I15: Nguyễn Thanh Phương
A16: ="5."&D16&"."&B16 -> 5.Revit.14 | B16: 14 | C16: Phát triển BIM Tools | D16: Revit | E16: Thống kê tình trạng bàn giao đất | F16: BIM IT | G16: Thực hiện Code | H16: Cao | I16: Nguyễn Thanh Phương | L16: 46157 | M16: 46160
A17: ="5."&D17&"."&B17 -> 5.Revit.15 | B17: 15 | C17: Phát triển BIM Tools | D17: Revit | E17: Thống kê tình trạng bàn giao đất | F17: BIM IT | G17: Chạy thử và Đánh giá | H17: Cao | I17: Nguyễn Thanh Phương
A18: ="5."&D18&"."&B18 -> 5.Revit.16 | B18: 16 | C18: Phát triển BIM Tools | D18: Revit | E18: Thống kê tình trạng bàn giao đất | F18: BIM IT | G18: Fix lỗi | H18: Cao | I18: Nguyễn Thanh Phương
A19: ="5."&D19&"."&B19 -> 5.Revit.17 | B19: 17 | C19: Phát triển BIM Tools | D19: Revit | E19: Thống kê tình trạng bàn giao đất | F19: BIM IT | G19: Hướng dẫn sử dụng | H19: Cao | I19: Nguyễn Thanh Phương | L19: 46175 | M19: 46175
A20: ="5."&D20&"."&B20 -> 5.Revit.18 | B20: 18 | C20: Phát triển BIM Tools | D20: Revit | E20: Thống kê tình trạng bàn giao đất | F20: BIM IT | G20: Xuất bản | H20: Cao | I20: Nguyễn Thanh Phương | L20: 46176 | M20: 46176
A21: ="5."&D21&"."&B21 -> 5.Revit.19 | B21: 19 | C21: Phát triển BIM Tools | D21: Revit | E21: QC mô hình | F21: BIM IT | G21: Ghi nhận yêu cầu và tìm hiểu nghiệp vụ | H21: Cao | I21: Nguyễn Thanh Phương | L21: 46165 | M21: 46165
A22: ="5."&D22&"."&B22 -> 5.Revit.20 | B22: 20 | C22: Phát triển BIM Tools | D22: Revit | E22: QC mô hình | F22: BIM IT | G22: Lên và Trình PD phương án | H22: Cao | I22: Nguyễn Thanh Phương
A23: ="5."&D23&"."&B23 -> 5.Revit.21 | B23: 21 | C23: Phát triển BIM Tools | D23: Revit | E23: QC mô hình | F23: BIM IT | G23: Thực hiện Code | H23: Cao | I23: Nguyễn Thanh Phương
A24: ="5."&D24&"."&B24 -> 5.Revit.22 | B24: 22 | C24: Phát triển BIM Tools | D24: Revit | E24: QC mô hình | F24: BIM IT | G24: Chạy thử và Đánh giá | H24: Cao | I24: Nguyễn Thanh Phương | L24: 46175 | M24: 46175
A25: ="5."&D25&"."&B25 -> 5.Revit.23 | B25: 23 | C25: Phát triển BIM Tools | D25: Revit | E25: QC mô hình | F25: BIM IT | G25: Hướng dẫn sử dụng | H25: Cao | I25: Nguyễn Thanh Phương | L25: 46175 | M25: 46175
A26: ="5."&D26&"."&B26 -> 5.Revit.24 | B26: 24 | C26: Phát triển BIM Tools | D26: Revit | E26: QC mô hình | F26: BIM IT | G26: Xuất bản | H26: Cao | I26: Nguyễn Thanh Phương | L26: 46176 | M26: 46176
A27: ="5."&D27&"."&B27 -> 5.Web App.25 | B27: 25 | C27: Phát triển BIM Tools | D27: Web App | E27: KSCL và Điều phối | F27: BIM IT | G27: Xuất bản | H27: Cao | I27: Nguyễn Thanh Phương | L27: 46176 | M27: 46203
A28: ="5."&D28&"."&B28 -> 5.Revit.26 | B28: 26 | C28: Phát triển BIM Tools | D28: Revit | E28: Cắt bê tông | F28: BIM IT | G28: Ghi nhận yêu cầu và tìm hiểu nghiệp vụ | H28: Trung bình | I28: Lê Huy Toàn | L28: 46162 | M28: 46162
A29: ="5."&D29&"."&B29 -> 5.Revit.27 | B29: 27 | C29: Phát triển BIM Tools | D29: Revit | E29: Cắt bê tông | F29: BIM IT | G29: Lên và Trình PD phương án | H29: Trung bình | I29: Lê Huy Toàn | L29: 46162 | M29: 46162
A30: ="5."&D30&"."&B30 -> 5.Revit.28 | B30: 28 | C30: Phát triển BIM Tools | D30: Revit | E30: Cắt bê tông | F30: BIM IT | G30: Thực hiện Code | H30: Trung bình | I30: Lê Huy Toàn | L30: 46163 | M30: 46174
A31: ="5."&D31&"."&B31 -> 5.Revit.29 | B31: 29 | C31: Phát triển BIM Tools | D31: Revit | E31: Cắt bê tông | F31: BIM IT | G31: Chạy thử và Đánh giá | H31: Trung bình | I31: Lê Huy Toàn | L31: 46174 | M31: 46175
A32: ="5."&D32&"."&B32 -> 5.Revit.30 | B32: 30 | C32: Phát triển BIM Tools | D32: Revit | E32: Cắt bê tông | F32: BIM IT | G32: Fix lỗi | H32: Trung bình | I32: Lê Huy Toàn | L32: 46175 | M32: 46175
A33: ="5."&D33&"."&B33 -> 5.Revit.31 | B33: 31 | C33: Phát triển BIM Tools | D33: Revit | E33: Cắt bê tông | F33: BIM IT | G33: Hướng dẫn sử dụng | H33: Trung bình | I33: Lê Huy Toàn | L33: 46175 | M33: 46175
A34: ="5."&D34&"."&B34 -> 5.Revit.32 | B34: 32 | C34: Phát triển BIM Tools | D34: Revit | E34: Cắt bê tông | F34: BIM IT | G34: Xuất bản | H34: Trung bình | I34: Lê Huy Toàn | L34: 46175 | M34: 46175
A35: ="5."&D35&"."&B35 -> 5.CAD.33 | B35: 33 | C35: Phát triển BIM Tools | D35: CAD | E35: Ghép dãy thấp tầng | F35: BIM IT | G35: Ghi nhận yêu cầu và tìm hiểu nghiệp vụ | H35: Cao | I35: Lê Huy Toàn | L35: 46168 | M35: 46168
... A48: ="5."&D48&"."&B48 -> 5.Didital Twin.46 | B48: 46 | C48: Phát triển BIM Tools | D48: Didital Twin | E48: App Digital Twin V1 | F48: BIM IT | G48: Xuất bản | H48: Cao | I48: Lê Huy Toàn | L48: 46213 | M48: 46214
A49: 5.Didital Twin.138 | B49: 47 | C49: Phát triển BIM Tools | D49: Didital Twin | E49: App Digital Twin V2 | F49: BIM IT | G49: Ghi nhận yêu cầu và tìm hiểu nghiệp vụ | H49: Cao | I49: Lê Huy Toàn | L49: 46216 | M49: 46218
A50: 5.Didital Twin.139 | B50: 48 | C50: Phát triển BIM Tools | D50: Didital Twin | E50: App Digital Twin V2 | F50: BIM IT | G50: Lên và Trình PD phương án | H50: Cao | I50: Lê Huy Toàn | L50: 46219 | M50: 46221
A51: 5.Didital Twin.140 | B51: 49 | C51: Phát triển BIM Tools | D51: Didital Twin | E51: App Digital Twin V2 | F51: BIM IT | G51: Thực hiện Code | H51: Cao | I51: Lê Huy Toàn | L51: 46223 | M51: 46244
A52: 5.Didital Twin.141 | B52: 50 | C52: Phát triển BIM Tools | D52: Didital Twin | E52: App Digital Twin V2 | F52: BIM IT | G52: Chạy thử và Đánh giá | H52: Cao | I52: Lê Huy Toàn | L52: 46245 | M52: 46247
A53: 5.Didital Twin.142 | B53: 51 | C53: Phát triển BIM Tools | D53: Didital Twin | E53: App Digital Twin V2 | F53: BIM IT | G53: Fix lỗi | H53: Cao | I53: Lê Huy Toàn | L53: 46248 | M53: 46249
A54: 5.Didital Twin.143 | B54: 52 | C54: Phát triển BIM Tools | D54: Didital Twin | E54: App Digital Twin V2 | F54: BIM IT | G54: Hướng dẫn sử dụng | H54: Cao | I54: Lê Huy Toàn | L54: 46251 | M54: 46251
A55: 5.Didital Twin.144 | B55: 53 | C55: Phát triển BIM Tools | D55: Didital Twin | E55: App Digital Twin V2 | F55: BIM IT | G55: Xuất bản | H55: Cao | I55: Lê Huy Toàn | L55: 46252 | M55: 46252
A56: 5.Didital Twin.145 | B56: 54 | C56: Phát triển BIM Tools | D56: Didital Twin | E56: App Digital Twin V3 | F56: BIM IT | G56: Ghi nhận yêu cầu và tìm hiểu nghiệp vụ | H56: Cao | I56: Lê Huy Toàn | L56: 46253 | M56: 46255
A57: 5.Didital Twin.146 | B57: 55 | C57: Phát triển BIM Tools | D57: Didital Twin | E57: App Digital Twin V3 | F57: BIM IT | G57: Lên và Trình PD phương án | H57: Cao | I57: Lê Huy Toàn | L57: 46256 | M57: 46259
A58: 5.Didital Twin.147 | B58: 56 | C58: Phát triển BIM Tools | D58: Didital Twin | E58: App Digital Twin V3 | F58: BIM IT | G58: Thực hiện Code | H58: Cao | I58: Lê Huy Toàn | L58: 46260 | M58: 46281
A59: 5.Didital Twin.148 | B59: 57 | C59: Phát triển BIM Tools | D59: Didital Twin | E59: App Digital Twin V3 | F59: BIM IT | G59: Chạy thử và Đánh giá | H59: Cao | I59: Lê Huy Toàn | L59: 46282 | M59: 46284
A60: 5.Didital Twin.149 | B60: 58 | C60: Phát triển BIM Tools | D60: Didital Twin | E60: App Digital Twin V3 | F60: BIM IT | G60: Fix lỗi | H60: Cao | I60: Lê Huy Toàn | L60: 46286 | M60: 46287
... A69: 5.Didital Twin.158 | B69: 67 | C69: Phát triển BIM Tools | D69: Didital Twin | E69: App Digital Twin V4 | F69: BIM IT | G69: Xuất bản | H69: Cao | I69: Lê Huy Toàn | L69: 46326 | M69: 46326

Sheet Bảng 6
C1: BẢNG GIAO VIỆC QUẢN LÝ PHẦN MỀM
A2: Sum ID | B2: Sub ID | C2: Level 1 | D2: Level 2 | E2: Level 3 | F2: Level 4 | G2: Level 5 | H2: Mức độ ưu tiên | I2: Nhân sự thực hiện | J2: Bắt đầu | K2: Kết thúc | L2: Hoàn thành thực tế | M2: Tổng số ngày | N2: Tổng số giờ
A3: ="6."&D3&"."&B3 -> 6.DuAn.LoaiHinh.001 | B3: 001 | C3: Quản lý phần mềm | D3: DuAn.LoaiHinh | E3: Hạng mục 1 | F3: BIM IT | G3: Khảo sát nhu cầu và cân đối số lượng | H3: Cao | I3: Nguyễn Văn Tuyên
A4: ="6."&D4&"."&B4 -> 6..002 | B4: 002 | C4: Quản lý phần mềm | E4: Hạng mục 2 | F4: BIM IT | H4: Trung bình | I4: Nguyễn Văn Tuyên
A5: ="6."&D5&"."&B5 -> 6..003 | B5: 003 | C5: Quản lý phần mềm | E5: Hạng mục 3 | F5: BIM IT | H5: Thấp | I5: Nguyễn Văn Tuyên
A6: ="6."&D6&"."&B6 -> 6..004 | B6: 004 | C6: Quản lý phần mềm | E6: Hạng mục 4 | F6: BIM IT | I6: Nguyễn Văn Tuyên
A7: ="6."&D7&"."&B7 -> 6..005 | B7: 005 | C7: Quản lý phần mềm | E7: Hạng mục 5 | F7: BIM IT | I7: Nguyễn Văn Tuyên
A8: ="6."&D8&"."&B8 -> 6..006 | B8: 006 | C8: Quản lý phần mềm | E8: Hạng mục 6 | F8: BIM IT | I8: Nguyễn Văn Tuyên
A9: ="6."&D9&"."&B9 -> 6..007 | B9: 007 | C9: Quản lý phần mềm | E9: Hạng mục 7 | F9: BIM IT | I9: Nguyễn Văn Tuyên
A10: ="6."&D10&"."&B10 -> 6..008 | B10: 008 | C10: Quản lý phần mềm | E10: Hạng mục 8 | F10: BIM IT | I10: Nguyễn Văn Tuyên
A11: ="6."&D11&"."&B11 -> 6..009 | B11: 009 | C11: Quản lý phần mềm | E11: Hạng mục 9 | F11: BIM IT | I11: Nguyễn Văn Tuyên
A12: ="6."&D12&"."&B12 -> 6..010 | B12: 010 | C12: Quản lý phần mềm | E12: Hạng mục 10 | F12: BIM IT | I12: Nguyễn Văn Tuyên
A13: ="6."&D13&"."&B13 -> 6..011 | B13: 011 | C13: Quản lý phần mềm | E13: Hạng mục 11 | F13: BIM IT | I13: Nguyễn Văn Tuyên
A14: ="6."&D14&"."&B14 -> 6..012 | B14: 012 | C14: Quản lý phần mềm | E14: Hạng mục 12 | F14: BIM IT | I14: Nguyễn Văn Tuyên
A15: ="6."&D15&"."&B15 -> 6..013 | B15: 013 | C15: Quản lý phần mềm | E15: Hạng mục 13 | F15: BIM IT | I15: Nguyễn Văn Tuyên
A16: ="6."&D16&"."&B16 -> 6..014 | B16: 014 | C16: Quản lý phần mềm | E16: Hạng mục 14 | F16: BIM IT | I16: Nguyễn Văn Tuyên
A17: ="6."&D17&"."&B17 -> 6..015 | B17: 015 | C17: Quản lý phần mềm | E17: Hạng mục 15 | F17: BIM IT | I17: Nguyễn Văn Tuyên

Sheet Draft
A1: TỔNG QUAN CÁC CÔNG VIỆC PHÒNG BIM
A2: Trình tự | B2: Công việc chính | C2: Chi tiết | D2: Ghi chú | E2: Trách nhiệm
A3: Bước 1 | B3: Xây dựng HTTC BIM | C3: Quy định triển khai BIM | D3: Đã bao gồm các phụ lục và biểu mẫu | E3: All
C4: Quy định thanh tra BIM
A5: Bước 2 | B5: Đào tạo BIM | C5: HTTC BIM | E5: All
C6: CDE
C7: Công cụ tạo lập mô hình
C8: Công cụ quản lý mô hình
C9: BIM Tools
A10: Bước 3 | B10: Quản lý BIM | C10: Set up hệ thống DR3 | D10: Áp vào các dự án VTK đang thực hiện | E10: Anh Tuyên
C11: KSCL DR3 | E11: All
C12: Set up hệ thống CDE | E12: Anh Tuyên
C13: KSCL CDE | E13: All
C14: Điều phối CDE | E14: BIM XD, MEP, HT
C15: Khởi tạo mô hình BIM | E15: BIM XD, MEP, HT
C16: Tạo lập mô hình BIM | E16: BIM XD, MEP, HT
C17: Tạo lập thư viện | E17: BIM XD, MEP, HT
C18: KSCL mô hình BIM | E18: BIM XD, MEP, HT
C19: Điều phối BIM | E19: BIM XD, MEP, HT
C20: Tổng hợp số liệu QH | E20: BIM XD + IT
C21: Tổng hợp số liệu TT | E21: BIM XD + IT
C22: Triển khai hồ sơ thiết kế | E22: BIM XD, MEP, HT
... C24: Xuất khối lượng từ mô hình BIM | E24: BIM XD, MEP, HT
A25: Bước 4 | B25: Thực hiện thanh tra | E25: All
A26: Bước 5 | B26: Phát triển BIM Tools | C26: Tool tạo lập mô hình | E26: BIM IT
C27: Tool KSCL và Điều phối mô hình
C28: Tool khai thác thông tin mô hình
C29: Ứng dụng Digital Twin
A30: Bước 6 | B30: Quản lý phần mềm | C30: Khảo sát nhu cầu và cân đối số lượng | D30: Chung cho các PM | E30: GĐ + Chủ trì BIM
C31: Lập ngân sách trang bị PM
C32: Trình PD chủ trương trang bị PM
C33: Thẩm định giá và bổ nhiệm NCC | D33: Quản lý chi tiết đến từng PM | E33: VSF
C34: Lập PR-PO | E34: Anh Tuyên
C35: Ký kết HĐ
C36: BB nghiệm thu
C37: Thanh toán cho NCC
C38: Phân phối License

Sheet Bảng 7
C1: BẢNG GIAO VIỆC KHÁC
A2: Sum ID | B2: Sub ID | C2: Level 1 | D2: Level 2 | E2: Level 3 | F2: Level 4 | G2: Level 5 | H2: Mức độ ưu tiên | I2: Nhân sự thực hiện 01 | J2: Nhân sự thực hiện 02 | K2: Nhân sự thực hiện 03 | L2: Bắt đầu | M2: Kết thúc | N2: Hoàn thành thực tế | O2: Tổng số ngày | P2: Tổng số giờ
A3: ="1."&D3&"."&B3 -> 1.Công việc khác.001 | B3: 001 | C3: Công việc khác | D3: Công việc khác | E3: Công việc khác | F3: BIM | G3: Họp nội bộ | H3: Trung bình | I3: All
A4: ="1."&D4&"."&B4 -> 1.Công việc khác.002 | B4: 002 | C4: Công việc khác | D4: Công việc khác | E4: Công việc khác | F4: BIM | G4: Setup hệ thống quản lý công việc | H4: Cao | I4: All

Sheet XD
A1: BÁO CÁO CÔNG VIỆC HÀNG NGÀY - BIM.XD
A2: Nhân sự | B2: ID | C2: Level 1 | D2: Level 2 | E2: Level 3 | F2: Level 4 | G2: Level 5 | H2: Thực tế hoàn thành | I2: Tuần 21 | J2: Ngày | K2: Nội dung công việc | L2: Thời gian (h) | M2: Ngày | N2: Nội dung công việc | O2: Thời gian (h) | P2: Ngày | Q2: Nội dung công việc | R2: Thời gian (h) | S2: Ngày | T2: Nội dung công việc | U2: Thời gian (h) | V2: Ngày | W2: Nội dung công việc | X2: Thời gian (h) | Y2: Ngày | Z2: Nội dung công việc | AA2: Thời gian (h) | AB2: Tuần 22 | AC2: Ngày | AD2: Nội dung công việc | AE2: Thời gian (h) | AF2: Ngày | AG2: Nội dung công việc | AH2: Thời gian (h) | AI2: Ngày | AJ2: Nội dung công việc | AK2: Thời gian (h) | AL2: Ngày | AM2: Nội dung công việc | AN2: Thời gian (h) | AO2: Ngày | AP2: Nội dung công việc | AQ2: Thời gian (h) | AR2: Ngày | AS2: Nội dung công việc | AT2: Thời gian (h) | AU2: Tuần 23 | AV2: Ngày | AW2: Nội dung công việc | AX2: Thời gian (h) | AY2: Ngày | AZ2: Nội dung công việc | BA2: Thời gian (h) | BB2: Ngày | BC2: Nội dung công việc | BD2: Thời gian (h) | BE2: Ngày | BF2: Nội dung công việc | BG2: Thời gian (h) | BH2: Ngày | BI2: Nội dung công việc | BJ2: Thời gian (h) | BK2: Ngày | BL2: Nội dung công việc | BM2: Thời gian (h) | BN2: Tuần 24 | BO2: Ngày | BP2: Nội dung công việc | BQ2: Thời gian (h) | BR2: Ngày | BS2: Nội dung công việc | BT2: Thời gian (h) | BU2: Ngày | BV2: Nội dung công việc | BW2: Thời gian (h) | BX2: Ngày | BY2: Nội dung công việc | BZ2: Thời gian (h) | CA2: Ngày | CB2: Nội dung công việc | CC2: Thời gian (h) | CD2: Ngày | CE2: Nội dung công việc | CF2: Thời gian (h) | CG2: Tuần 25 | CH2: Ngày | CI2: Nội dung công việc | CJ2: Thời gian (h) | CK2: Ngày | CL2: Nội dung công việc | CM2: Thời gian (h) | CN2: Ngày | CO2: Nội dung công việc | CP2: Thời gian (h) | CQ2: Ngày | CR2: Nội dung công việc | CS2: Thời gian (h) | CT2: Ngày | CU2: Nội dung công việc | CV2: Thời gian (h) | CW2: Ngày | CX2: Nội dung công việc | CY2: Thời gian (h) | CZ2: Tuần 26 | DA2: Ngày | DB2: Nội dung công việc | DC2: Thời gian (h) | DD2: Ngày | DE2: Nội dung công việc | DF2: Thời gian (h) | DG2: Ngày | DH2: Nội dung công việc | DI2: Thời gian (h) | DJ2: Ngày | DK2: Nội dung công việc | DL2: Thời gian (h) | DM2: Ngày | DN2: Nội dung công việc | DO2: Thời gian (h) | DP2: Ngày | DQ2: Nội dung công việc | DR2: Thời gian (h)
J3: 46174 | M3: =J3+1 -> 46175 | P3: =J3+2 -> 46176 | S3: =J3+3 -> 46177 | V3: =J3+4 -> 46178 | Y3: =J3+5 -> 46179 | AC3: 46181 | AF3: =AC3+1 -> 46182 | AI3: =AC3+2 -> 46183 | AL3: =AC3+3 -> 46184 | AO3: =AC3+4 -> 46185 | AR3: =AC3+5 -> 46186 | AV3: 46188 | AY3: =AV3+1 -> 46189 | BB3: =AV3+2 -> 46190 | BE3: =AV3+3 -> 46191 | BH3: =AV3+4 -> 46192 | BK3: =AV3+5 -> 46193 | BO3: 46195 | BR3: =BO3+1 -> 46196 | BU3: =BO3+2 -> 46197 | BX3: =BO3+3 -> 46198 | CA3: =BO3+4 -> 46199 | CD3: =BO3+5 -> 46200 | CH3: 46202 | CK3: =CH3+1 -> 46203 | CN3: =CH3+2 -> 46204 | CQ3: =CH3+3 -> 46205 | CT3: =CH3+4 -> 46206 | CW3: =CH3+5 -> 46207 | DA3: 46209 | DD3: =DA3+1 -> 46210 | DG3: =DA3+2 -> 46211 | DJ3: =DA3+3 -> 46212 | DM3: =DA3+4 -> 46213 | DP3: =DA3+5 -> 46214
A4: Lý Huy Thành | C4: =IF($B4="","",INDEX('Bảng 3'!C:C,MATCH($B4,'Bảng 3'!$A:$A,0))) | D4: =IF($B4="","",INDEX('Bảng 3'!D:D,MATCH($B4,'Bảng 3'!$A:$A,0))) | E4: =IF($B4="","",INDEX('Bảng 3'!E:E,MATCH($B4,'Bảng 3'!$A:$A,0))) | F4: =IF($B4="","",INDEX('Bảng 3'!F:F,MATCH($B4,'Bảng 3'!$A:$A,0))) | G4: =IF($B4="","",INDEX('Bảng 3'!G:G,MATCH($B4,'Bảng 3'!$A:$A,0))) | J4: =J$3 -> 46174 | L4: =SUM(L5:L15) -> 10.25 | M4: =M$3 -> 46175 | O4: =SUM(O5:O15) -> 8.5 | P4: =P$3 -> 46176 | R4: =SUM(R5:R15) -> 0 | S4: =S$3 -> 46177 | U4: =SUM(U5:U15) -> 0 | V4: =V$3 -> 46178 | X4: =SUM(X5:X15) -> 0 | Y4: =Y$3 -> 46179 | AA4: =SUM(AA5:AA15) -> 0 | AC4: =AC$3 -> 46181 | AE4: =SUM(AE5:AE15) -> 0 | AF4: =AF$3 -> 46182 | AH4: =SUM(AH5:AH15) -> 0 | AI4: =AI$3 -> 46183 | AK4: =SUM(AK5:AK15) -> 0 | AL4: =AL$3 -> 46184 | AN4: =SUM(AN5:AN15) -> 0 | AO4: =AO$3 -> 46185 | AQ4: =SUM(AQ5:AQ15) -> 0 | AR4: =AR$3 -> 46186 | AT4: =SUM(AT5:AT15) -> 0 | AV4: =AV$3 -> 46188 | AX4: =SUM(AX5:AX15) -> 0 | AY4: =AY$3 -> 46189 | BA4: =SUM(BA5:BA15) -> 0 | BB4: =BB$3 -> 46190 | BD4: =SUM(BD5:BD15) -> 0 | BE4: =BE$3 -> 46191 | BG4: =SUM(BG5:BG15) -> 0 | BH4: =BH$3 -> 46192 | BJ4: =SUM(BJ5:BJ15) -> 0 | BK4: =BK$3 -> 46193 | BM4: =SUM(BM5:BM15) -> 0 | BO4: =BO$3 -> 46195 | BQ4: =SUM(BQ5:BQ15) -> 0 | BR4: =BR$3 -> 46196 | BT4: =SUM(BT5:BT15) -> 0 | BU4: =BU$3 -> 46197 | BW4: =SUM(BW5:BW15) -> 0 | BX4: =BX$3 -> 46198 | BZ4: =SUM(BZ5:BZ15) -> 0 | CA4: =CA$3 -> 46199 | CC4: =SUM(CC5:CC15) -> 0 | CD4: =CD$3 -> 46200 | CF4: =SUM(CF5:CF15) -> 0 | CH4: =CH$3 -> 46202 | CJ4: =SUM(CJ5:CJ15) -> 0 | CK4: =CK$3 -> 46203 | CM4: =SUM(CM5:CM15) -> 0 | CN4: =CN$3 -> 46204 | CP4: =SUM(CP5:CP15) -> 0 | CQ4: =CQ$3 -> 46205 | CS4: =SUM(CS5:CS15) -> 0 | CT4: =CT$3 -> 46206 | CV4: =SUM(CV5:CV15) -> 0 | CW4: =CW$3 -> 46207 | CY4: =SUM(CY5:CY15) -> 0 | DA4: =DA$3 -> 46209 | DC4: =SUM(DC5:DC15) -> 0 | DD4: =DD$3 -> 46210 | DF4: =SUM(DF5:DF15) -> 0 | DG4: =DG$3 -> 46211 | DI4: =SUM(DI5:DI15) -> 0 | DJ4: =DJ$3 -> 46212 | DL4: =SUM(DL5:DL15) -> 0 | DM4: =DM$3 -> 46213 | DO4: =SUM(DO5:DO15) -> 0 | DP4: =DP$3 -> 46214 | DR4: =SUM(DR5:DR15) -> 0
A5: =$A$4 -> Lý Huy Thành | B5: ='Bảng 3'!A335 -> 3.N.HCM.Q9.VP.101 | C5: =IF($B5="","",INDEX('Bảng 3'!C:C,MATCH($B5,'Bảng 3'!$A:$A,0))) -> Quản lý BIM | D5: =IF($B5="","",INDEX('Bảng 3'!D:D,MATCH($B5,'Bảng 3'!$A:$A,0))) -> N.HCM.Q9.VP | E5: =IF($B5="","",INDEX('Bảng 3'!E:E,MATCH($B5,'Bảng 3'!$A:$A,0))) -> Toà văn phòng 43 tầng | F5: =IF($B5="","",INDEX('Bảng 3'!F:F,MATCH($B5,'Bảng 3'!$A:$A,0))) -> KT | G5: =IF($B5="","",INDEX('Bảng 3'!G:G,MATCH($B5,'Bảng 3'!$A:$A,0))) -> Xuất khối lượng từ mô hình BIM | H5: 46174 | J5: =J$3 -> 46174 | K5: Xuất khối lượng Xây, trát, ốp lát. | L5: 1 | M5: =M$3 -> 46175 | P5: =P$3 -> 46176 | S5: =S$3 -> 46177 | V5: =V$3 -> 46178 | Y5: =Y$3 -> 46179 | AC5: =AC$3 -> 46181 | AF5: =AF$3 -> 46182 | AI5: =AI$3 -> 46183 | AL5: =AL$3 -> 46184 | AO5: =AO$3 -> 46185 | AR5: =AR$3 -> 46186 | AV5: =AV$3 -> 46188 | AY5: =AY$3 -> 46189 | BB5: =BB$3 -> 46190 | BE5: =BE$3 -> 46191 | BH5: =BH$3 -> 46192 | BK5: =BK$3 -> 46193 | BO5: =BO$3 -> 46195 | BR5: =BR$3 -> 46196 | BU5: =BU$3 -> 46197 | BX5: =BX$3 -> 46198 | CA5: =CA$3 -> 46199 | CD5: =CD$3 -> 46200 | CH5: =CH$3 -> 46202 | CK5: =CK$3 -> 46203 | CN5: =CN$3 -> 46204 | CQ5: =CQ$3 -> 46205 | CT5: =CT$3 -> 46206 | CW5: =CW$3 -> 46207 | DA5: =DA$3 -> 46209 | DD5: =DD$3 -> 46210 | DG5: =DG$3 -> 46211 | DJ5: =DJ$3 -> 46212 | DM5: =DM$3 -> 46213 | DP5: =DP$3 -> 46214
A6: =$A$4 -> Lý Huy Thành | B6: ='Bảng 3'!A336 -> 3.N.HCM.Q9.VP.102 | C6: =IF($B6="","",INDEX('Bảng 3'!C:C,MATCH($B6,'Bảng 3'!$A:$A,0))) -> Quản lý BIM | D6: =IF($B6="","",INDEX('Bảng 3'!D:D,MATCH($B6,'Bảng 3'!$A:$A,0))) -> N.HCM.Q9.VP | E6: =IF($B6="","",INDEX('Bảng 3'!E:E,MATCH($B6,'Bảng 3'!$A:$A,0))) -> Toà văn phòng 43 tầng | F6: =IF($B6="","",INDEX('Bảng 3'!F:F,MATCH($B6,'Bảng 3'!$A:$A,0))) -> KT | G6: =IF($B6="","",INDEX('Bảng 3'!G:G,MATCH($B6,'Bảng 3'!$A:$A,0))) -> Cập nhật thông tin mô hình BIM | H6: 46174 | J6: =J$3 -> 46174 | K6: Mô hình từ 2024 khi chưa áp dụng BOQ | L6: 7 | M6: =M$3 -> 46175 | P6: =P$3 -> 46176 | S6: =S$3 -> 46177 | V6: =V$3 -> 46178 | Y6: =Y$3 -> 46179 | AC6: =AC$3 -> 46181 | AF6: =AF$3 -> 46182 | AI6: =AI$3 -> 46183 | AL6: =AL$3 -> 46184 | AO6: =AO$3 -> 46185 | AR6: =AR$3 -> 46186 | AV6: =AV$3 -> 46188 | AY6: =AY$3 -> 46189 | BB6: =BB$3 -> 46190 | BE6: =BE$3 -> 46191 | BH6: =BH$3 -> 46192 | BK6: =BK$3 -> 46193 | BO6: =BO$3 -> 46195 | BR6: =BR$3 -> 46196 | BU6: =BU$3 -> 46197 | BX6: =BX$3 -> 46198 | CA6: =CA$3 -> 46199 | CD6: =CD$3 -> 46200 | CH6: =CH$3 -> 46202 | CK6: =CK$3 -> 46203 | CN6: =CN$3 -> 46204 | CQ6: =CQ$3 -> 46205 | CT6: =CT$3 -> 46206 | CW6: =CW$3 -> 46207 | DA6: =DA$3 -> 46209 | DD6: =DD$3 -> 46210 | DG6: =DG$3 -> 46211 | DJ6: =DJ$3 -> 46212 | DM6: =DM$3 -> 46213 | DP6: =DP$3 -> 46214
A7: =$A$4 -> Lý Huy Thành | B7: ='Bảng 3'!A211 -> 3.B.TQU.VPTQ.VP.101 | C7: =IF($B7="","",INDEX('Bảng 3'!C:C,MATCH($B7,'Bảng 3'!$A:$A,0))) -> Quản lý BIM | D7: =IF($B7="","",INDEX('Bảng 3'!D:D,MATCH($B7,'Bảng 3'!$A:$A,0))) -> B.TQU.VPTQ.VP | E7: =IF($B7="","",INDEX('Bảng 3'!E:E,MATCH($B7,'Bảng 3'!$A:$A,0))) -> Lô C.TM11 | F7: =IF($B7="","",INDEX('Bảng 3'!F:F,MATCH($B7,'Bảng 3'!$A:$A,0))) -> KT | G7: =IF($B7="","",INDEX('Bảng 3'!G:G,MATCH($B7,'Bảng 3'!$A:$A,0))) -> Xuất khối lượng từ mô hình BIM | J7: =J$3 -> 46174 | M7: =M$3 -> 46175 | N7: Check kiểm bảng thống kê, gửi mail phối hợp | O7: 1.5 | P7: =P$3 -> 46176 | S7: =S$3 -> 46177 | V7: =V$3 -> 46178 | Y7: =Y$3 -> 46179 | AC7: =AC$3 -> 46181 | AF7: =AF$3 -> 46182 | AI7: =AI$3 -> 46183 | AL7: =AL$3 -> 46184 | AO7: =AO$3 -> 46185 | AR7: =AR$3 -> 46186 | AV7: =AV$3 -> 46188 | AY7: =AY$3 -> 46189 | BB7: =BB$3 -> 46190 | BE7: =BE$3 -> 46191 | BH7: =BH$3 -> 46192 | BK7: =BK$3 -> 46193 | BO7: =BO$3 -> 46195 | BR7: =BR$3 -> 46196 | BU7: =BU$3 -> 46197 | BX7: =BX$3 -> 46198 | CA7: =CA$3 -> 46199 | CD7: =CD$3 -> 46200 | CH7: =CH$3 -> 46202 | CK7: =CK$3 -> 46203 | CN7: =CN$3 -> 46204 | CQ7: =CQ$3 -> 46205 | CT7: =CT$3 -> 46206 | CW7: =CW$3 -> 46207 | DA7: =DA$3 -> 46209 | DD7: =DD$3 -> 46210 | DG7: =DG$3 -> 46211 | DJ7: =DJ$3 -> 46212 | DM7: =DM$3 -> 46213 | DP7: =DP$3 -> 46214
A8: =$A$4 -> Lý Huy Thành | C8: =IF($B8="","",INDEX('Bảng 3'!C:C,MATCH($B8,'Bảng 3'!$A:$A,0))) | D8: =IF($B8="","",INDEX('Bảng 3'!D:D,MATCH($B8,'Bảng 3'!$A:$A,0))) | E8: =IF($B8="","",INDEX('Bảng 3'!E:E,MATCH($B8,'Bảng 3'!$A:$A,0))) | F8: =IF($B8="","",INDEX('Bảng 3'!F:F,MATCH($B8,'Bảng 3'!$A:$A,0))) | G8: =IF($B8="","",INDEX('Bảng 3'!G:G,MATCH($B8,'Bảng 3'!$A:$A,0))) | J8: =J$3 -> 46174 | M8: =M$3 -> 46175 | P8: =P$3 -> 46176 | S8: =S$3 -> 46177 | V8: =V$3 -> 46178 | Y8: =Y$3 -> 46179 | AC8: =AC$3 -> 46181 | AF8: =AF$3 -> 46182 | AI8: =AI$3 -> 46183 | AL8: =AL$3 -> 46184 | AO8: =AO$3 -> 46185 | AR8: =AR$3 -> 46186 | AV8: =AV$3 -> 46188 | AY8: =AY$3 -> 46189 | BB8: =BB$3 -> 46190 | BE8: =BE$3 -> 46191 | BH8: =BH$3 -> 46192 | BK8: =BK$3 -> 46193 | BO8: =BO$3 -> 46195 | BR8: =BR$3 -> 46196 | BU8: =BU$3 -> 46197 | BX8: =BX$3 -> 46198 | CA8: =CA$3 -> 46199 | CD8: =CD$3 -> 46200 | CH8: =CH$3 -> 46202 | CK8: =CK$3 -> 46203 | CN8: =CN$3 -> 46204 | CQ8: =CQ$3 -> 46205 | CT8: =CT$3 -> 46206 | CW8: =CW$3 -> 46207 | DA8: =DA$3 -> 46209 | DD8: =DD$3 -> 46210 | DG8: =DG$3 -> 46211 | DJ8: =DJ$3 -> 46212 | DM8: =DM$3 -> 46213 | DP8: =DP$3 -> 46214
A9: =$A$4 -> Lý Huy Thành | C9: =IF($B9="","",INDEX('Bảng 3'!C:C,MATCH($B9,'Bảng 3'!$A:$A,0))) | D9: =IF($B9="","",INDEX('Bảng 3'!D:D,MATCH($B9,'Bảng 3'!$A:$A,0))) | E9: =IF($B9="","",INDEX('Bảng 3'!E:E,MATCH($B9,'Bảng 3'!$A:$A,0))) | F9: =IF($B9="","",INDEX('Bảng 3'!F:F,MATCH($B9,'Bảng 3'!$A:$A,0))) | G9: =IF($B9="","",INDEX('Bảng 3'!G:G,MATCH($B9,'Bảng 3'!$A:$A,0))) | J9: =J$3 -> 46174 | M9: =M$3 -> 46175 | P9: =P$3 -> 46176 | S9: =S$3 -> 46177 | V9: =V$3 -> 46178 | Y9: =Y$3 -> 46179 | AC9: =AC$3 -> 46181 | AF9: =AF$3 -> 46182 | AI9: =AI$3 -> 46183 | AL9: =AL$3 -> 46184 | AO9: =AO$3 -> 46185 | AR9: =AR$3 -> 46186 | AV9: =AV$3 -> 46188 | AY9: =AY$3 -> 46189 | BB9: =BB$3 -> 46190 | BE9: =BE$3 -> 46191 | BH9: =BH$3 -> 46192 | BK9: =BK$3 -> 46193 | BO9: =BO$3 -> 46195 | BR9: =BR$3 -> 46196 | BU9: =BU$3 -> 46197 | BX9: =BX$3 -> 46198 | CA9: =CA$3 -> 46199 | CD9: =CD$3 -> 46200 | CH9: =CH$3 -> 46202 | CK9: =CK$3 -> 46203 | CN9: =CN$3 -> 46204 | CQ9: =CQ$3 -> 46205 | CT9: =CT$3 -> 46206 | CW9: =CW$3 -> 46207 | DA9: =DA$3 -> 46209 | DD9: =DD$3 -> 46210 | DG9: =DG$3 -> 46211 | DJ9: =DJ$3 -> 46212 | DM9: =DM$3 -> 46213 | DP9: =DP$3 -> 46214
A10: =$A$4 -> Lý Huy Thành | C10: =IF($B10="","",INDEX('Bảng 3'!C:C,MATCH($B10,'Bảng 3'!$A:$A,0))) | D10: =IF($B10="","",INDEX('Bảng 3'!D:D,MATCH($B10,'Bảng 3'!$A:$A,0))) | E10: =IF($B10="","",INDEX('Bảng 3'!E:E,MATCH($B10,'Bảng 3'!$A:$A,0))) | F10: =IF($B10="","",INDEX('Bảng 3'!F:F,MATCH($B10,'Bảng 3'!$A:$A,0))) | G10: =IF($B10="","",INDEX('Bảng 3'!G:G,MATCH($B10,'Bảng 3'!$A:$A,0))) | J10: =J$3 -> 46174 | M10: =M$3 -> 46175 | P10: =P$3 -> 46176 | S10: =S$3 -> 46177 | V10: =V$3 -> 46178 | Y10: =Y$3 -> 46179 | AC10: =AC$3 -> 46181 | AF10: =AF$3 -> 46182 | AI10: =AI$3 -> 46183 | AL10: =AL$3 -> 46184 | AO10: =AO$3 -> 46185 | AR10: =AR$3 -> 46186 | AV10: =AV$3 -> 46188 | AY10: =AY$3 -> 46189 | BB10: =BB$3 -> 46190 | BE10: =BE$3 -> 46191 | BH10: =BH$3 -> 46192 | BK10: =BK$3 -> 46193 | BO10: =BO$3 -> 46195 | BR10: =BR$3 -> 46196 | BU10: =BU$3 -> 46197 | BX10: =BX$3 -> 46198 | CA10: =CA$3 -> 46199 | CD10: =CD$3 -> 46200 | CH10: =CH$3 -> 46202 | CK10: =CK$3 -> 46203 | CN10: =CN$3 -> 46204 | CQ10: =CQ$3 -> 46205 | CT10: =CT$3 -> 46206 | CW10: =CW$3 -> 46207 | DA10: =DA$3 -> 46209 | DD10: =DD$3 -> 46210 | DG10: =DG$3 -> 46211 | DJ10: =DJ$3 -> 46212 | DM10: =DM$3 -> 46213 | DP10: =DP$3 -> 46214
A11: =$A$4 -> Lý Huy Thành | C11: =IF($B11="","",INDEX('Bảng 3'!C:C,MATCH($B11,'Bảng 3'!$A:$A,0))) | D11: =IF($B11="","",INDEX('Bảng 3'!D:D,MATCH($B11,'Bảng 3'!$A:$A,0))) | E11: =IF($B11="","",INDEX('Bảng 3'!E:E,MATCH($B11,'Bảng 3'!$A:$A,0))) | F11: =IF($B11="","",INDEX('Bảng 3'!F:F,MATCH($B11,'Bảng 3'!$A:$A,0))) | G11: =IF($B11="","",INDEX('Bảng 3'!G:G,MATCH($B11,'Bảng 3'!$A:$A,0))) | J11: =J$3 -> 46174 | M11: =M$3 -> 46175 | P11: =P$3 -> 46176 | S11: =S$3 -> 46177 | V11: =V$3 -> 46178 | Y11: =Y$3 -> 46179 | AC11: =AC$3 -> 46181 | AF11: =AF$3 -> 46182 | AI11: =AI$3 -> 46183 | AL11: =AL$3 -> 46184 | AO11: =AO$3 -> 46185 | AR11: =AR$3 -> 46186 | AV11: =AV$3 -> 46188 | AY11: =AY$3 -> 46189 | BB11: =BB$3 -> 46190 | BE11: =BE$3 -> 46191 | BH11: =BH$3 -> 46192 | BK11: =BK$3 -> 46193 | BO11: =BO$3 -> 46195 | BR11: =BR$3 -> 46196 | BU11: =BU$3 -> 46197 | BX11: =BX$3 -> 46198 | CA11: =CA$3 -> 46199 | CD11: =CD$3 -> 46200 | CH11: =CH$3 -> 46202 | CK11: =CK$3 -> 46203 | CN11: =CN$3 -> 46204 | CQ11: =CQ$3 -> 46205 | CT11: =CT$3 -> 46206 | CW11: =CW$3 -> 46207 | DA11: =DA$3 -> 46209 | DD11: =DD$3 -> 46210 | DG11: =DG$3 -> 46211 | DJ11: =DJ$3 -> 46212 | DM11: =DM$3 -> 46213 | DP11: =DP$3 -> 46214
A12: =$A$4 -> Lý Huy Thành | C12: =IF($B12="","",INDEX('Bảng 3'!C:C,MATCH($B12,'Bảng 3'!$A:$A,0))) | D12: =IF($B12="","",INDEX('Bảng 3'!D:D,MATCH($B12,'Bảng 3'!$A:$A,0))) | E12: =IF($B12="","",INDEX('Bảng 3'!E:E,MATCH($B12,'Bảng 3'!$A:$A,0))) | F12: =IF($B12="","",INDEX('Bảng 3'!F:F,MATCH($B12,'Bảng 3'!$A:$A,0))) | G12: =IF($B12="","",INDEX('Bảng 3'!G:G,MATCH($B12,'Bảng 3'!$A:$A,0))) | J12: 46174 | M12: =M$3 -> 46175 | P12: =P$3 -> 46176 | S12: =S$3 -> 46177 | V12: =V$3 -> 46178 | Y12: =Y$3 -> 46179 | AC12: =AC$3 -> 46181 | AF12: =AF$3 -> 46182 | AI12: =AI$3 -> 46183 | AL12: =AL$3 -> 46184 | AO12: =AO$3 -> 46185 | AR12: =AR$3 -> 46186 | AV12: =AV$3 -> 46188 | AY12: =AY$3 -> 46189 | BB12: =BB$3 -> 46190 | BE12: =BE$3 -> 46191 | BH12: =BH$3 -> 46192 | BK12: =BK$3 -> 46193 | BO12: =BO$3 -> 46195 | BR12: =BR$3 -> 46196 | BU12: =BU$3 -> 46197 | BX12: =BX$3 -> 46198 | CA12: =CA$3 -> 46199 | CD12: =CD$3 -> 46200 | CH12: =CH$3 -> 46202 | CK12: =CK$3 -> 46203 | CN12: =CN$3 -> 46204 | CQ12: =CQ$3 -> 46205 | CT12: =CT$3 -> 46206 | CW12: =CW$3 -> 46207 | DA12: =DA$3 -> 46209 | DD12: =DD$3 -> 46210 | DG12: =DG$3 -> 46211 | DJ12: =DJ$3 -> 46212 | DM12: =DM$3 -> 46213 | DP12: =DP$3 -> 46214
A13: =$A$4 -> Lý Huy Thành | C13: =IF($B13="","",INDEX('Bảng 3'!C:C,MATCH($B13,'Bảng 3'!$A:$A,0))) | D13: =IF($B13="","",INDEX('Bảng 3'!D:D,MATCH($B13,'Bảng 3'!$A:$A,0))) | E13: =IF($B13="","",INDEX('Bảng 3'!E:E,MATCH($B13,'Bảng 3'!$A:$A,0))) | F13: =IF($B13="","",INDEX('Bảng 3'!F:F,MATCH($B13,'Bảng 3'!$A:$A,0))) | G13: =IF($B13="","",INDEX('Bảng 3'!G:G,MATCH($B13,'Bảng 3'!$A:$A,0))) | J13: 46174 | M13: =M$3 -> 46175 | P13: =P$3 -> 46176 | S13: =S$3 -> 46177 | V13: =V$3 -> 46178 | Y13: =Y$3 -> 46179 | AC13: =AC$3 -> 46181 | AF13: =AF$3 -> 46182 | AI13: =AI$3 -> 46183 | AL13: =AL$3 -> 46184 | AO13: =AO$3 -> 46185 | AR13: =AR$3 -> 46186 | AV13: =AV$3 -> 46188 | AY13: =AY$3 -> 46189 | BB13: =BB$3 -> 46190 | BE13: =BE$3 -> 46191 | BH13: =BH$3 -> 46192 | BK13: =BK$3 -> 46193 | BO13: =BO$3 -> 46195 | BR13: =BR$3 -> 46196 | BU13: =BU$3 -> 46197 | BX13: =BX$3 -> 46198 | CA13: =CA$3 -> 46199 | CD13: =CD$3 -> 46200 | CH13: =CH$3 -> 46202 | CK13: =CK$3 -> 46203 | CN13: =CN$3 -> 46204 | CQ13: =CQ$3 -> 46205 | CT13: =CT$3 -> 46206 | CW13: =CW$3 -> 46207 | DA13: =DA$3 -> 46209 | DD13: =DD$3 -> 46210 | DG13: =DG$3 -> 46211 | DJ13: =DJ$3 -> 46212 | DM13: =DM$3 -> 46213 | DP13: =DP$3 -> 46214
A14: =$A$4 -> Lý Huy Thành | C14: Quản lý BIM | D14: All | E14: All | F14: BIM | G14: Quản lý CDE | J14: 46174 | K14: Phát hành hồ sơ thiết kế BVTC | L14: 1.75 | M14: =M$3 -> 46175 | N14: Phát hành hồ sơ (32 review) | O14: 4 | P14: =P$3 -> 46176 | S14: =S$3 -> 46177 | V14: =V$3 -> 46178 | Y14: =Y$3 -> 46179 | AC14: =AC$3 -> 46181 | AF14: =AF$3 -> 46182 | AI14: =AI$3 -> 46183 | AL14: =AL$3 -> 46184 | AO14: =AO$3 -> 46185 | AR14: =AR$3 -> 46186 | AV14: =AV$3 -> 46188 | AY14: =AY$3 -> 46189 | BB14: =BB$3 -> 46190 | BE14: =BE$3 -> 46191 | BH14: =BH$3 -> 46192 | BK14: =BK$3 -> 46193 | BO14: =BO$3 -> 46195 | BR14: =BR$3 -> 46196 | BU14: =BU$3 -> 46197 | BX14: =BX$3 -> 46198 | CA14: =CA$3 -> 46199 | CD14: =CD$3 -> 46200 | CH14: =CH$3 -> 46202 | CK14: =CK$3 -> 46203 | CN14: =CN$3 -> 46204 | CQ14: =CQ$3 -> 46205 | CT14: =CT$3 -> 46206 | CW14: =CW$3 -> 46207 | DA14: =DA$3 -> 46209 | DD14: =DD$3 -> 46210 | DG14: =DG$3 -> 46211 | DJ14: =DJ$3 -> 46212 | DM14: =DM$3 -> 46213 | DP14: =DP$3 -> 46214
A15: =$A$4 -> Lý Huy Thành | C15: Công việc khác | D15: N/A | E15: N/A | F15: N/A | G15: N/A | J15: =J$3 -> 46174 | K15: Tạo lập biểu mẫu cho WM mới | L15: 0.5 | M15: =M$3 -> 46175 | N15: Nghiên cứu cải thiện WN mới Hướng dẫn KT8 thực hiện CDE Họp nội bộ | O15: =0.5+0.5+2 -> 3 | P15: =P$3 -> 46176 | S15: =S$3 -> 46177 | V15: =V$3 -> 46178 | Y15: =Y$3 -> 46179 | AC15: =AC$3 -> 46181 | AF15: =AF$3 -> 46182 | AI15: =AI$3 -> 46183 | AL15: =AL$3 -> 46184 | AO15: =AO$3 -> 46185 | AR15: =AR$3 -> 46186 | AV15: =AV$3 -> 46188 | AY15: =AY$3 -> 46189 | BB15: =BB$3 -> 46190 | BE15: =BE$3 -> 46191 | BH15: =BH$3 -> 46192 | BK15: =BK$3 -> 46193 | BO15: =BO$3 -> 46195 | BR15: =BR$3 -> 46196 | BU15: =BU$3 -> 46197 | BX15: =BX$3 -> 46198 | CA15: =CA$3 -> 46199 | CD15: =CD$3 -> 46200 | CH15: =CH$3 -> 46202 | CK15: =CK$3 -> 46203 | CN15: =CN$3 -> 46204 | CQ15: =CQ$3 -> 46205 | CT15: =CT$3 -> 46206 | CW15: =CW$3 -> 46207 | DA15: =DA$3 -> 46209 | DD15: =DD$3 -> 46210 | DG15: =DG$3 -> 46211 | DJ15: =DJ$3 -> 46212 | DM15: =DM$3 -> 46213 | DP15: =DP$3 -> 46214
A16: Trần Văn Diện | C16: =IF($B16="","",INDEX('Bảng 3'!C:C,MATCH($B16,'Bảng 3'!$A:$A,0))) | D16: =IF($B16="","",INDEX('Bảng 3'!D:D,MATCH($B16,'Bảng 3'!$A:$A,0))) | E16: =IF($B16="","",INDEX('Bảng 3'!E:E,MATCH($B16,'Bảng 3'!$A:$A,0))) | F16: =IF($B16="","",INDEX('Bảng 3'!F:F,MATCH($B16,'Bảng 3'!$A:$A,0))) | G16: =IF($B16="","",INDEX('Bảng 3'!G:G,MATCH($B16,'Bảng 3'!$A:$A,0))) | J16: =J$3 -> 46174 | L16: =SUM(L17:L41) -> 11 | M16: =M$3 -> 46175 | O16: =SUM(O17:O41) -> 8.5 | P16: =P$3 -> 46176 | R16: =SUM(R17:R22) -> 0 | S16: =S$3 -> 46177 | U16: =SUM(U17:U22) -> 0 | V16: =V$3 -> 46178 | X16: =SUM(X17:X22) -> 0 | Y16: =Y$3 -> 46179 | AA16: =SUM(AA17:AA22) -> 0 | AC16: =AC$3 -> 46181 | AE16: =SUM(AE17:AE22) -> 0 | AF16: =AF$3 -> 46182 | AH16: =SUM(AH17:AH22) -> 0 | AI16: =AI$3 -> 46183 | AK16: =SUM(AK17:AK22) -> 0 | AL16: =AL$3 -> 46184 | AN16: =SUM(AN17:AN22) -> 0 | AO16: =AO$3 -> 46185 | AQ16: =SUM(AQ17:AQ22) -> 0 | AR16: =AR$3 -> 46186 | AT16: =SUM(AT17:AT22) -> 0 | AV16: =AV$3 -> 46188 | AX16: =SUM(AX17:AX22) -> 0 | AY16: =AY$3 -> 46189 | BA16: =SUM(BA17:BA22) -> 0 | BB16: =BB$3 -> 46190 | BD16: =SUM(BD17:BD22) -> 0 | BE16: =BE$3 -> 46191 | BG16: =SUM(BG17:BG22) -> 0 | BH16: =BH$3 -> 46192 | BJ16: =SUM(BJ17:BJ22) -> 0 | BK16: =BK$3 -> 46193 | BM16: =SUM(BM17:BM22) -> 0 | BO16: =BO$3 -> 46195 | BQ16: =SUM(BQ17:BQ22) -> 0 | BR16: =BR$3 -> 46196 | BT16: =SUM(BT17:BT22) -> 0 | BU16: =BU$3 -> 46197 | BW16: =SUM(BW17:BW22) -> 0 | BX16: =BX$3 -> 46198 | BZ16: =SUM(BZ17:BZ22) -> 0 | CA16: =CA$3 -> 46199 | CC16: =SUM(CC17:CC22) -> 0 | CD16: =CD$3 -> 46200 | CF16: =SUM(CF17:CF22) -> 0 | CH16: =CH$3 -> 46202 | CJ16: =SUM(CJ17:CJ22) -> 0 | CK16: =CK$3 -> 46203 | CM16: =SUM(CM17:CM22) -> 0 | CN16: =CN$3 -> 46204 | CP16: =SUM(CP17:CP22) -> 0 | CQ16: =CQ$3 -> 46205 | CS16: =SUM(CS17:CS22) -> 0 | CT16: =CT$3 -> 46206 | CV16: =SUM(CV17:CV22) -> 0 | CW16: =CW$3 -> 46207 | CY16: =SUM(CY17:CY22) -> 0 | DA16: =DA$3 -> 46209 | DC16: =SUM(DC17:DC22) -> 0 | DD16: =DD$3 -> 46210 | DF16: =SUM(DF17:DF22) -> 0 | DG16: =DG$3 -> 46211 | DI16: =SUM(DI17:DI22) -> 0 | DJ16: =DJ$3 -> 46212 | DL16: =SUM(DL17:DL22) -> 0 | DM16: =DM$3 -> 46213 | DO16: =SUM(DO17:DO22) -> 0 | DP16: =DP$3 -> 46214 | DR16: =SUM(DR17:DR22) -> 0
A17: =$A$16 -> Trần Văn Diện | B17: 3.B.DSHNQN.DMF.101 | C17: =IF($B17="","",INDEX('Bảng 3'!C:C,MATCH($B17,'Bảng 3'!$A:$A,0))) -> Quản lý BIM | D17: =IF($B17="","",INDEX('Bảng 3'!D:D,MATCH($B17,'Bảng 3'!$A:$A,0))) -> B.DSHNQN.DMF | E17: =IF($B17="","",INDEX('Bảng 3'!E:E,MATCH($B17,'Bảng 3'!$A:$A,0))) -> Bãi đỗ tàu qua đêm Cổ Loa | F17: =IF($B17="","",INDEX('Bảng 3'!F:F,MATCH($B17,'Bảng 3'!$A:$A,0))) -> KT | G17: =IF($B17="","",INDEX('Bảng 3'!G:G,MATCH($B17,'Bảng 3'!$A:$A,0))) -> Tạo lập mô hình BIM | J17: =J$3 -> 46174 | M17: =M$3 -> 46175 | P17: =P$3 -> 46176 | S17: =S$3 -> 46177 | V17: =V$3 -> 46178 | Y17: =Y$3 -> 46179 | AC17: =AC$3 -> 46181 | AF17: =AF$3 -> 46182 | AI17: =AI$3 -> 46183 | AL17: =AL$3 -> 46184 | AO17: =AO$3 -> 46185 | AR17: =AR$3 -> 46186 | AV17: =AV$3 -> 46188 | AY17: =AY$3 -> 46189 | BB17: =BB$3 -> 46190 | BE17: =BE$3 -> 46191 | BH17: =BH$3 -> 46192 | BK17: =BK$3 -> 46193 | BO17: =BO$3 -> 46195 | BR17: =BR$3 -> 46196 | BU17: =BU$3 -> 46197 | BX17: =BX$3 -> 46198 | CA17: =CA$3 -> 46199 | CD17: =CD$3 -> 46200 | CH17: =CH$3 -> 46202 | CK17: =CK$3 -> 46203 | CN17: =CN$3 -> 46204 | CQ17: =CQ$3 -> 46205 | CT17: =CT$3 -> 46206 | CW17: =CW$3 -> 46207 | DA17: =DA$3 -> 46209 | DD17: =DD$3 -> 46210 | DG17: =DG$3 -> 46211 | DJ17: =DJ$3 -> 46212 | DM17: =DM$3 -> 46213 | DP17: =DP$3 -> 46214
A18: =$A$16 -> Trần Văn Diện | B18: 3.B.DSHNQN.DMF.201 | C18: =IF($B18="","",INDEX('Bảng 3'!C:C,MATCH($B18,'Bảng 3'!$A:$A,0))) -> Quản lý BIM | D18: =IF($B18="","",INDEX('Bảng 3'!D:D,MATCH($B18,'Bảng 3'!$A:$A,0))) -> B.DSHNQN.DMF | E18: =IF($B18="","",INDEX('Bảng 3'!E:E,MATCH($B18,'Bảng 3'!$A:$A,0))) -> Bãi đỗ tàu qua đêm Cổ Loa | F18: =IF($B18="","",INDEX('Bảng 3'!F:F,MATCH($B18,'Bảng 3'!$A:$A,0))) -> KC | G18: =IF($B18="","",INDEX('Bảng 3'!G:G,MATCH($B18,'Bảng 3'!$A:$A,0))) -> Tạo lập mô hình BIM | J18: =J$3 -> 46174 | M18: =M$3 -> 46175 | P18: =P$3 -> 46176 | S18: =S$3 -> 46177 | V18: =V$3 -> 46178 | Y18: =Y$3 -> 46179 | AC18: =AC$3 -> 46181 | AF18: =AF$3 -> 46182 | AI18: =AI$3 -> 46183 | AL18: =AL$3 -> 46184 | AO18: =AO$3 -> 46185 | AR18: =AR$3 -> 46186 | AV18: =AV$3 -> 46188 | AY18: =AY$3 -> 46189 | BB18: =BB$3 -> 46190 | BE18: =BE$3 -> 46191 | BH18: =BH$3 -> 46192 | BK18: =BK$3 -> 46193 | BO18: =BO$3 -> 46195 | BR18: =BR$3 -> 46196 | BU18: =BU$3 -> 46197 | BX18: =BX$3 -> 46198 | CA18: =CA$3 -> 46199 | CD18: =CD$3 -> 46200 | CH18: =CH$3 -> 46202 | CK18: =CK$3 -> 46203 | CN18: =CN$3 -> 46204 | CQ18: =CQ$3 -> 46205 | CT18: =CT$3 -> 46206 | CW18: =CW$3 -> 46207 | DA18: =DA$3 -> 46209 | DD18: =DD$3 -> 46210 | DG18: =DG$3 -> 46211 | DJ18: =DJ$3 -> 46212 | DM18: =DM$3 -> 46213 | DP18: =DP$3 -> 46214
A19: =$A$16 -> Trần Văn Diện | B19: 3.B.DSHNQN.STA.101 | C19: =IF($B19="","",INDEX('Bảng 3'!C:C,MATCH($B19,'Bảng 3'!$A:$A,0))) -> Quản lý BIM | D19: =IF($B19="","",INDEX('Bảng 3'!D:D,MATCH($B19,'Bảng 3'!$A:$A,0))) -> B.DSHNQN.STA | E19: =IF($B19="","",INDEX('Bảng 3'!E:E,MATCH($B19,'Bảng 3'!$A:$A,0))) -> Nhà ga Cổ Loa | F19: =IF($B19="","",INDEX('Bảng 3'!F:F,MATCH($B19,'Bảng 3'!$A:$A,0))) -> KT | G19: =IF($B19="","",INDEX('Bảng 3'!G:G,MATCH($B19,'Bảng 3'!$A:$A,0))) -> Tạo lập mô hình BIM | J19: =J$3 -> 46174 | M19: =M$3 -> 46175 | P19: =P$3 -> 46176 | S19: =S$3 -> 46177 | V19: =V$3 -> 46178 | Y19: =Y$3 -> 46179 | AC19: =AC$3 -> 46181 | AF19: =AF$3 -> 46182 | AI19: =AI$3 -> 46183 | AL19: =AL$3 -> 46184 | AO19: =AO$3 -> 46185 | AR19: =AR$3 -> 46186 | AV19: =AV$3 -> 46188 | AY19: =AY$3 -> 46189 | BB19: =BB$3 -> 46190 | BE19: =BE$3 -> 46191 | BH19: =BH$3 -> 46192 | BK19: =BK$3 -> 46193 | BO19: =BO$3 -> 46195 | BR19: =BR$3 -> 46196 | BU19: =BU$3 -> 46197 | BX19: =BX$3 -> 46198 | CA19: =CA$3 -> 46199 | CD19: =CD$3 -> 46200 | CH19: =CH$3 -> 46202 | CK19: =CK$3 -> 46203 | CN19: =CN$3 -> 46204 | CQ19: =CQ$3 -> 46205 | CT19: =CT$3 -> 46206 | CW19: =CW$3 -> 46207 | DA19: =DA$3 -> 46209 | DD19: =DD$3 -> 46210 | DG19: =DG$3 -> 46211 | DJ19: =DJ$3 -> 46212 | DM19: =DM$3 -> 46213 | DP19: =DP$3 -> 46214
A20: =$A$16 -> Trần Văn Diện | B20: 3.B.DSHNQN.STA.102 | C20: =IF($B20="","",INDEX('Bảng 3'!C:C,MATCH($B20,'Bảng 3'!$A:$A,0))) -> Quản lý BIM | D20: =IF($B20="","",INDEX('Bảng 3'!D:D,MATCH($B20,'Bảng 3'!$A:$A,0))) -> B.DSHNQN.STA | E20: =IF($B20="","",INDEX('Bảng 3'!E:E,MATCH($B20,'Bảng 3'!$A:$A,0))) -> Nhà ga Gia Bình | F20: =IF($B20="","",INDEX('Bảng 3'!F:F,MATCH($B20,'Bảng 3'!$A:$A,0))) -> KT | G20: =IF($B20="","",INDEX('Bảng 3'!G:G,MATCH($B20,'Bảng 3'!$A:$A,0))) -> Tạo lập mô hình BIM | J20: =J$3 -> 46174 | M20: =M$3 -> 46175 | P20: =P$3 -> 46176 | S20: =S$3 -> 46177 | V20: =V$3 -> 46178 | Y20: =Y$3 -> 46179 | AC20: =AC$3 -> 46181 | AF20: =AF$3 -> 46182 | AI20: =AI$3 -> 46183 | AL20: =AL$3 -> 46184 | AO20: =AO$3 -> 46185 | AR20: =AR$3 -> 46186 | AV20: =AV$3 -> 46188 | AY20: =AY$3 -> 46189 | BB20: =BB$3 -> 46190 | BE20: =BE$3 -> 46191 | BH20: =BH$3 -> 46192 | BK20: =BK$3 -> 46193 | BO20: =BO$3 -> 46195 | BR20: =BR$3 -> 46196 | BU20: =BU$3 -> 46197 | BX20: =BX$3 -> 46198 | CA20: =CA$3 -> 46199 | CD20: =CD$3 -> 46200 | CH20: =CH$3 -> 46202 | CK20: =CK$3 -> 46203 | CN20: =CN$3 -> 46204 | CQ20: =CQ$3 -> 46205 | CT20: =CT$3 -> 46206 | CW20: =CW$3 -> 46207 | DA20: =DA$3 -> 46209 | DD20: =DD$3 -> 46210 | DG20: =DG$3 -> 46211 | DJ20: =DJ$3 -> 46212 | DM20: =DM$3 -> 46213 | DP20: =DP$3 -> 46214
A21: =$A$16 -> Trần Văn Diện | B21: 3.B.HNO.TMDM.VSC.101 | C21: =IF($B21="","",INDEX('Bảng 3'!C:C,MATCH($B21,'Bảng 3'!$A:$A,0))) -> Quản lý BIM | D21: =IF($B21="","",INDEX('Bảng 3'!D:D,MATCH($B21,'Bảng 3'!$A:$A,0))) -> B.HNO.TMDM.VSC | E21: =IF($B21="","",INDEX('Bảng 3'!E:E,MATCH($B21,'Bảng 3'!$A:$A,0))) -> Trường Cambridge tại lô F3-PTTH1 | F21: =IF($B21="","",INDEX('Bảng 3'!F:F,MATCH($B21,'Bảng 3'!$A:$A,0))) -> KT | G21: =IF($B21="","",INDEX('Bảng 3'!G:G,MATCH($B21,'Bảng 3'!$A:$A,0))) -> KSCL mô hình BIM | J21: =J$3 -> 46174 | M21: =M$3 -> 46175 | P21: =P$3 -> 46176 | S21: =S$3 -> 46177 | V21: =V$3 -> 46178 | Y21: =Y$3 -> 46179 | AC21: =AC$3 -> 46181 | AF21: =AF$3 -> 46182 | AI21: =AI$3 -> 46183 | AL21: =AL$3 -> 46184 | AO21: =AO$3 -> 46185 | AR21: =AR$3 -> 46186 | AV21: =AV$3 -> 46188 | AY21: =AY$3 -> 46189 | BB21: =BB$3 -> 46190 | BE21: =BE$3 -> 46191 | BH21: =BH$3 -> 46192 | BK21: =BK$3 -> 46193 | BO21: =BO$3 -> 46195 | BR21: =BR$3 -> 46196 | BU21: =BU$3 -> 46197 | BX21: =BX$3 -> 46198 | CA21: =CA$3 -> 46199 | CD21: =CD$3 -> 46200 | CH21: =CH$3 -> 46202 | CK21: =CK$3 -> 46203 | CN21: =CN$3 -> 46204 | CQ21: =CQ$3 -> 46205 | CT21: =CT$3 -> 46206 | CW21: =CW$3 -> 46207 | DA21: =DA$3 -> 46209 | DD21: =DD$3 -> 46210 | DG21: =DG$3 -> 46211 | DJ21: =DJ$3 -> 46212 | DM21: =DM$3 -> 46213 | DP21: =DP$3 -> 46214
A22: =$A$16 -> Trần Văn Diện | B22: 3.B.HNO.TMDM.VSC.201 | C22: =IF($B22="","",INDEX('Bảng 3'!C:C,MATCH($B22,'Bảng 3'!$A:$A,0))) -> Quản lý BIM | D22: =IF($B22="","",INDEX('Bảng 3'!D:D,MATCH($B22,'Bảng 3'!$A:$A,0))) -> B.HNO.TMDM.VSC | E22: =IF($B22="","",INDEX('Bảng 3'!E:E,MATCH($B22,'Bảng 3'!$A:$A,0))) -> Trường Cambridge tại lô F3-PTTH1 | F22: =IF($B22="","",INDEX('Bảng 3'!F:F,MATCH($B22,'Bảng 3'!$A:$A,0))) -> KC | G22: =IF($B22="","",INDEX('Bảng 3'!G:G,MATCH($B22,'Bảng 3'!$A:$A,0))) -> KSCL mô hình BIM | J22: =J$3 -> 46174 | M22: =M$3 -> 46175 | P22: =P$3 -> 46176 | S22: =S$3 -> 46177 | V22: =V$3 -> 46178 | Y22: =Y$3 -> 46179 | AC22: =AC$3 -> 46181 | AF22: =AF$3 -> 46182 | AI22: =AI$3 -> 46183 | AL22: =AL$3 -> 46184 | AO22: =AO$3 -> 46185 | AR22: =AR$3 -> 46186 | AV22: =AV$3 -> 46188 | AY22: =AY$3 -> 46189 | BB22: =BB$3 -> 46190 | BE22: =BE$3 -> 46191 | BH22: =BH$3 -> 46192 | BK22: =BK$3 -> 46193 | BO22: =BO$3 -> 46195 | BR22: =BR$3 -> 46196 | BU22: =BU$3 -> 46197 | BX22: =BX$3 -> 46198 | CA22: =CA$3 -> 46199 | CD22: =CD$3 -> 46200 | CH22: =CH$3 -> 46202 | CK22: =CK$3 -> 46203 | CN22: =CN$3 -> 46204 | CQ22: =CQ$3 -> 46205 | CT22: =CT$3 -> 46206 | CW22: =CW$3 -> 46207 | DA22: =DA$3 -> 46209 | DD22: =DD$3 -> 46210 | DG22: =DG$3 -> 46211 | DJ22: =DJ$3 -> 46212 | DM22: =DM$3 -> 46213 | DP22: =DP$3 -> 46214
A23: =$A$16 -> Trần Văn Diện | B23: 3.B.HYE.PVF.103 | C23: =IF($B23="","",INDEX('Bảng 3'!C:C,MATCH($B23,'Bảng 3'!$A:$A,0))) -> Quản lý BIM | D23: =IF($B23="","",INDEX('Bảng 3'!D:D,MATCH($B23,'Bảng 3'!$A:$A,0))) -> B.HYE.PVF | E23: =IF($B23="","",INDEX('Bảng 3'!E:E,MATCH($B23,'Bảng 3'!$A:$A,0))) -> Sân vận động TDTT01 | F23: =IF($B23="","",INDEX('Bảng 3'!F:F,MATCH($B23,'Bảng 3'!$A:$A,0))) -> KT | G23: =IF($B23="","",INDEX('Bảng 3'!G:G,MATCH($B23,'Bảng 3'!$A:$A,0))) -> KSCL mô hình BIM | J23: =J$3 -> 46174 | M23: =M$3 -> 46175 | P23: =P$3 -> 46176 | S23: =S$3 -> 46177 | V23: =V$3 -> 46178 | Y23: =Y$3 -> 46179 | AC23: =AC$3 -> 46181 | AF23: =AF$3 -> 46182 | AI23: =AI$3 -> 46183 | AL23: =AL$3 -> 46184 | AO23: =AO$3 -> 46185 | AR23: =AR$3 -> 46186 | AV23: =AV$3 -> 46188 | AY23: =AY$3 -> 46189 | BB23: =BB$3 -> 46190 | BE23: =BE$3 -> 46191 | BH23: =BH$3 -> 46192 | BK23: =BK$3 -> 46193 | BO23: =BO$3 -> 46195 | BR23: =BR$3 -> 46196 | BU23: =BU$3 -> 46197 | BX23: =BX$3 -> 46198 | CA23: =CA$3 -> 46199 | CD23: =CD$3 -> 46200 | CH23: =CH$3 -> 46202 | CK23: =CK$3 -> 46203 | CN23: =CN$3 -> 46204 | CQ23: =CQ$3 -> 46205 | CT23: =CT$3 -> 46206 | CW23: =CW$3 -> 46207 | DA23: =DA$3 -> 46209 | DD23: =DD$3 -> 46210 | DG23: =DG$3 -> 46211 | DJ23: =DJ$3 -> 46212 | DM23: =DM$3 -> 46213 | DP23: =DP$3 -> 46214
A24: =$A$16 -> Trần Văn Diện | B24: 3.B.HYE.PVF.203 | C24: =IF($B24="","",INDEX('Bảng 3'!C:C,MATCH($B24,'Bảng 3'!$A:$A,0))) -> Quản lý BIM | D24: =IF($B24="","",INDEX('Bảng 3'!D:D,MATCH($B24,'Bảng 3'!$A:$A,0))) -> B.HYE.PVF | E24: =IF($B24="","",INDEX('Bảng 3'!E:E,MATCH($B24,'Bảng 3'!$A:$A,0))) -> Sân vận động TDTT01 | F24: =IF($B24="","",INDEX('Bảng 3'!F:F,MATCH($B24,'Bảng 3'!$A:$A,0))) -> KC | G24: =IF($B24="","",INDEX('Bảng 3'!G:G,MATCH($B24,'Bảng 3'!$A:$A,0))) -> KSCL mô hình BIM | J24: =J$3 -> 46174 | M24: =M$3 -> 46175 | P24: =P$3 -> 46176 | S24: =S$3 -> 46177 | V24: =V$3 -> 46178 | Y24: =Y$3 -> 46179 | AC24: =AC$3 -> 46181 | AF24: =AF$3 -> 46182 | AI24: =AI$3 -> 46183 | AL24: =AL$3 -> 46184 | AO24: =AO$3 -> 46185 | AR24: =AR$3 -> 46186 | AV24: =AV$3 -> 46188 | AY24: =AY$3 -> 46189 | BB24: =BB$3 -> 46190 | BE24: =BE$3 -> 46191 | BH24: =BH$3 -> 46192 | BK24: =BK$3 -> 46193 | BO24: =BO$3 -> 46195 | BR24: =BR$3 -> 46196 | BU24: =BU$3 -> 46197 | BX24: =BX$3 -> 46198 | CA24: =CA$3 -> 46199 | CD24: =CD$3 -> 46200 | CH24: =CH$3 -> 46202 | CK24: =CK$3 -> 46203 | CN24: =CN$3 -> 46204 | CQ24: =CQ$3 -> 46205 | CT24: =CT$3 -> 46206 | CW24: =CW$3 -> 46207 | DA24: =DA$3 -> 46209 | DD24: =DD$3 -> 46210 | DG24: =DG$3 -> 46211 | DJ24: =DJ$3 -> 46212 | DM24: =DM$3 -> 46213 | DP24: =DP$3 -> 46214
A25: =$A$16 -> Trần Văn Diện | B25: 3.B.HYE.PVF.204 | C25: =IF($B25="","",INDEX('Bảng 3'!C:C,MATCH($B25,'Bảng 3'!$A:$A,0))) -> Quản lý BIM | D25: =IF($B25="","",INDEX('Bảng 3'!D:D,MATCH($B25,'Bảng 3'!$A:$A,0))) -> B.HYE.PVF | E25: =IF($B25="","",INDEX('Bảng 3'!E:E,MATCH($B25,'Bảng 3'!$A:$A,0))) -> Sân vận động TDTT01 | F25: =IF($B25="","",INDEX('Bảng 3'!F:F,MATCH($B25,'Bảng 3'!$A:$A,0))) -> KC | G25: =IF($B25="","",INDEX('Bảng 3'!G:G,MATCH($B25,'Bảng 3'!$A:$A,0))) -> Xuất khối lượng từ mô hình BIM | J25: =J$3 -> 46174 | M25: =M$3 -> 46175 | P25: =P$3 -> 46176 | S25: =S$3 -> 46177 | V25: =V$3 -> 46178 | Y25: =Y$3 -> 46179 | AC25: =AC$3 -> 46181 | AF25: =AF$3 -> 46182 | AI25: =AI$3 -> 46183 | AL25: =AL$3 -> 46184 | AO25: =AO$3 -> 46185 | AR25: =AR$3 -> 46186 | AV25: =AV$3 -> 46188 | AY25: =AY$3 -> 46189 | BB25: =BB$3 -> 46190 | BE25: =BE$3 -> 46191 | BH25: =BH$3 -> 46192 | BK25: =BK$3 -> 46193 | BO25: =BO$3 -> 46195 | BR25: =BR$3 -> 46196 | BU25: =BU$3 -> 46197 | BX25: =BX$3 -> 46198 | CA25: =CA$3 -> 46199 | CD25: =CD$3 -> 46200 | CH25: =CH$3 -> 46202 | CK25: =CK$3 -> 46203 | CN25: =CN$3 -> 46204 | CQ25: =CQ$3 -> 46205 | CT25: =CT$3 -> 46206 | CW25: =CW$3 -> 46207 | DA25: =DA$3 -> 46209 | DD25: =DD$3 -> 46210 | DG25: =DG$3 -> 46211 | DJ25: =DJ$3 -> 46212 | DM25: =DM$3 -> 46213 | DP25: =DP$3 -> 46214
A26: =$A$16 -> Trần Văn Diện | B26: 3.B.QNI.HLX.CT.104 | C26: =IF($B26="","",INDEX('Bảng 3'!C:C,MATCH($B26,'Bảng 3'!$A:$A,0))) -> Quản lý BIM | D26: =IF($B26="","",INDEX('Bảng 3'!D:D,MATCH($B26,'Bảng 3'!$A:$A,0))) -> B.QNI.HLX.CT | E26: =IF($B26="","",INDEX('Bảng 3'!E:E,MATCH($B26,'Bảng 3'!$A:$A,0))) -> Hầm lô B03.4-CCCT-01 | F26: =IF($B26="","",INDEX('Bảng 3'!F:F,MATCH($B26,'Bảng 3'!$A:$A,0))) -> KT | G26: =IF($B26="","",INDEX('Bảng 3'!G:G,MATCH($B26,'Bảng 3'!$A:$A,0))) -> Tạo lập mô hình BIM | J26: =J$3 -> 46174 | M26: =M$3 -> 46175 | P26: =P$3 -> 46176 | S26: =S$3 -> 46177 | V26: =V$3 -> 46178 | Y26: =Y$3 -> 46179 | AC26: =AC$3 -> 46181 | AF26: =AF$3 -> 46182 | AI26: =AI$3 -> 46183 | AL26: =AL$3 -> 46184 | AO26: =AO$3 -> 46185 | AR26: =AR$3 -> 46186 | AV26: =AV$3 -> 46188 | AY26: =AY$3 -> 46189 | BB26: =BB$3 -> 46190 | BE26: =BE$3 -> 46191 | BH26: =BH$3 -> 46192 | BK26: =BK$3 -> 46193 | BO26: =BO$3 -> 46195 | BR26: =BR$3 -> 46196 | BU26: =BU$3 -> 46197 | BX26: =BX$3 -> 46198 | CA26: =CA$3 -> 46199 | CD26: =CD$3 -> 46200 | CH26: =CH$3 -> 46202 | CK26: =CK$3 -> 46203 | CN26: =CN$3 -> 46204 | CQ26: =CQ$3 -> 46205 | CT26: =CT$3 -> 46206 | CW26: =CW$3 -> 46207 | DA26: =DA$3 -> 46209 | DD26: =DD$3 -> 46210 | DG26: =DG$3 -> 46211 | DJ26: =DJ$3 -> 46212 | DM26: =DM$3 -> 46213 | DP26: =DP$3 -> 46214
A27: =$A$16 -> Trần Văn Diện | B27: 3.B.QNI.HLX.CT.204 | C27: =IF($B27="","",INDEX('Bảng 3'!C:C,MATCH($B27,'Bảng 3'!$A:$A,0))) -> Quản lý BIM | D27: =IF($B27="","",INDEX('Bảng 3'!D:D,MATCH($B27,'Bảng 3'!$A:$A,0))) -> B.QNI.HLX.CT | E27: =IF($B27="","",INDEX('Bảng 3'!E:E,MATCH($B27,'Bảng 3'!$A:$A,0))) -> Hầm lô B03.4-CCCT-01 | F27: =IF($B27="","",INDEX('Bảng 3'!F:F,MATCH($B27,'Bảng 3'!$A:$A,0))) -> KC | G27: =IF($B27="","",INDEX('Bảng 3'!G:G,MATCH($B27,'Bảng 3'!$A:$A,0))) -> Tạo lập mô hình BIM | J27: =J$3 -> 46174 | M27: =M$3 -> 46175 | P27: =P$3 -> 46176 | S27: =S$3 -> 46177 | V27: =V$3 -> 46178 | Y27: =Y$3 -> 46179 | AC27: =AC$3 -> 46181 | AF27: =AF$3 -> 46182 | AI27: =AI$3 -> 46183 | AL27: =AL$3 -> 46184 | AO27: =AO$3 -> 46185 | AR27: =AR$3 -> 46186 | AV27: =AV$3 -> 46188 | AY27: =AY$3 -> 46189 | BB27: =BB$3 -> 46190 | BE27: =BE$3 -> 46191 | BH27: =BH$3 -> 46192 | BK27: =BK$3 -> 46193 | BO27: =BO$3 -> 46195 | BR27: =BR$3 -> 46196 | BU27: =BU$3 -> 46197 | BX27: =BX$3 -> 46198 | CA27: =CA$3 -> 46199 | CD27: =CD$3 -> 46200 | CH27: =CH$3 -> 46202 | CK27: =CK$3 -> 46203 | CN27: =CN$3 -> 46204 | CQ27: =CQ$3 -> 46205 | CT27: =CT$3 -> 46206 | CW27: =CW$3 -> 46207 | DA27: =DA$3 -> 46209 | DD27: =DD$3 -> 46210 | DG27: =DG$3 -> 46211 | DJ27: =DJ$3 -> 46212 | DM27: =DM$3 -> 46213 | DP27: =DP$3 -> 46214
A28: =$A$16 -> Trần Văn Diện | B28: 3.B.QNI.HLXQY.NH.101 | C28: =IF($B28="","",INDEX('Bảng 3'!C:C,MATCH($B28,'Bảng 3'!$A:$A,0))) -> Quản lý BIM | D28: =IF($B28="","",INDEX('Bảng 3'!D:D,MATCH($B28,'Bảng 3'!$A:$A,0))) -> B.QNI.HLXQY.NH | E28: =IF($B28="","",INDEX('Bảng 3'!E:E,MATCH($B28,'Bảng 3'!$A:$A,0))) -> Nhà hát Hạ Long Xanh | F28: =IF($B28="","",INDEX('Bảng 3'!F:F,MATCH($B28,'Bảng 3'!$A:$A,0))) -> KT | G28: =IF($B28="","",INDEX('Bảng 3'!G:G,MATCH($B28,'Bảng 3'!$A:$A,0))) -> KSCL mô hình BIM | J28: =J$3 -> 46174 | M28: =M$3 -> 46175 | P28: =P$3 -> 46176 | S28: =S$3 -> 46177 | V28: =V$3 -> 46178 | Y28: =Y$3 -> 46179 | AC28: =AC$3 -> 46181 | AF28: =AF$3 -> 46182 | AI28: =AI$3 -> 46183 | AL28: =AL$3 -> 46184 | AO28: =AO$3 -> 46185 | AR28: =AR$3 -> 46186 | AV28: =AV$3 -> 46188 | AY28: =AY$3 -> 46189 | BB28: =BB$3 -> 46190 | BE28: =BE$3 -> 46191 | BH28: =BH$3 -> 46192 | BK28: =BK$3 -> 46193 | BO28: =BO$3 -> 46195 | BR28: =BR$3 -> 46196 | BU28: =BU$3 -> 46197 | BX28: =BX$3 -> 46198 | CA28: =CA$3 -> 46199 | CD28: =CD$3 -> 46200 | CH28: =CH$3 -> 46202 | CK28: =CK$3 -> 46203 | CN28: =CN$3 -> 46204 | CQ28: =CQ$3 -> 46205 | CT28: =CT$3 -> 46206 | CW28: =CW$3 -> 46207 | DA28: =DA$3 -> 46209 | DD28: =DD$3 -> 46210 | DG28: =DG$3 -> 46211 | DJ28: =DJ$3 -> 46212 | DM28: =DM$3 -> 46213 | DP28: =DP$3 -> 46214
A29: =$A$16 -> Trần Văn Diện | B29: 3.B.QNI.HLXQY.NH.201 | C29: =IF($B29="","",INDEX('Bảng 3'!C:C,MATCH($B29,'Bảng 3'!$A:$A,0))) -> Quản lý BIM | D29: =IF($B29="","",INDEX('Bảng 3'!D:D,MATCH($B29,'Bảng 3'!$A:$A,0))) -> B.QNI.HLXQY.NH | E29: =IF($B29="","",INDEX('Bảng 3'!E:E,MATCH($B29,'Bảng 3'!$A:$A,0))) -> Nhà hát Hạ Long Xanh | F29: =IF($B29="","",INDEX('Bảng 3'!F:F,MATCH($B29,'Bảng 3'!$A:$A,0))) -> KC | G29: =IF($B29="","",INDEX('Bảng 3'!G:G,MATCH($B29,'Bảng 3'!$A:$A,0))) -> KSCL mô hình BIM | J29: =J$3 -> 46174 | M29: =M$3 -> 46175 | P29: =P$3 -> 46176 | S29: =S$3 -> 46177 | V29: =V$3 -> 46178 | Y29: =Y$3 -> 46179 | AC29: =AC$3 -> 46181 | AF29: =AF$3 -> 46182 | AI29: =AI$3 -> 46183 | AL29: =AL$3 -> 46184 | AO29: =AO$3 -> 46185 | AR29: =AR$3 -> 46186 | AV29: =AV$3 -> 46188 | AY29: =AY$3 -> 46189 | BB29: =BB$3 -> 46190 | BE29: =BE$3 -> 46191 | BH29: =BH$3 -> 46192 | BK29: =BK$3 -> 46193 | BO29: =BO$3 -> 46195 | BR29: =BR$3 -> 46196 | BU29: =BU$3 -> 46197 | BX29: =BX$3 -> 46198 | CA29: =CA$3 -> 46199 | CD29: =CD$3 -> 46200 | CH29: =CH$3 -> 46202 | CK29: =CK$3 -> 46203 | CN29: =CN$3 -> 46204 | CQ29: =CQ$3 -> 46205 | CT29: =CT$3 -> 46206 | CW29: =CW$3 -> 46207 | DA29: =DA$3 -> 46209 | DD29: =DD$3 -> 46210 | DG29: =DG$3 -> 46211 | DJ29: =DJ$3 -> 46212 | DM29: =DM$3 -> 46213 | DP29: =DP$3 -> 46214
A30: =$A$16 -> Trần Văn Diện | B30: 3.B.TQU.VPTQ.VP.101 | C30: =IF($B30="","",INDEX('Bảng 3'!C:C,MATCH($B30,'Bảng 3'!$A:$A,0))) -> Quản lý BIM | D30: =IF($B30="","",INDEX('Bảng 3'!D:D,MATCH($B30,'Bảng 3'!$A:$A,0))) -> B.TQU.VPTQ.VP | E30: =IF($B30="","",INDEX('Bảng 3'!E:E,MATCH($B30,'Bảng 3'!$A:$A,0))) -> Lô C.TM11 | F30: =IF($B30="","",INDEX('Bảng 3'!F:F,MATCH($B30,'Bảng 3'!$A:$A,0))) -> KT | G30: =IF($B30="","",INDEX('Bảng 3'!G:G,MATCH($B30,'Bảng 3'!$A:$A,0))) -> Xuất khối lượng từ mô hình BIM | J30: =J$3 -> 46174 | K30: Xuất khối lượng từ mô hình BIM, tuy nhiên mô hình đang ở mức ra hồ sơ TKBVTC, công trình là bàn giao cả hoàn thiện nội thất nhưng mô hình BIM chưa cập nhật những nội dung về trong nhà cũng như nội thất | L30: 11 | M30: =M$3 -> 46175 | O30: 8.5 | P30: =P$3 -> 46176 | S30: =S$3 -> 46177 | V30: =V$3 -> 46178 | Y30: =Y$3 -> 46179 | AC30: =AC$3 -> 46181 | AF30: =AF$3 -> 46182 | AI30: =AI$3 -> 46183 | AL30: =AL$3 -> 46184 | AO30: =AO$3 -> 46185 | AR30: =AR$3 -> 46186 | AV30: =AV$3 -> 46188 | AY30: =AY$3 -> 46189 | BB30: =BB$3 -> 46190 | BE30: =BE$3 -> 46191 | BH30: =BH$3 -> 46192 | BK30: =BK$3 -> 46193 | BO30: =BO$3 -> 46195 | BR30: =BR$3 -> 46196 | BU30: =BU$3 -> 46197 | BX30: =BX$3 -> 46198 | CA30: =CA$3 -> 46199 | CD30: =CD$3 -> 46200 | CH30: =CH$3 -> 46202 | CK30: =CK$3 -> 46203 | CN30: =CN$3 -> 46204 | CQ30: =CQ$3 -> 46205 | CT30: =CT$3 -> 46206 | CW30: =CW$3 -> 46207 | DA30: =DA$3 -> 46209 | DD30: =DD$3 -> 46210 | DG30: =DG$3 -> 46211 | DJ30: =DJ$3 -> 46212 | DM30: =DM$3 -> 46213 | DP30: =DP$3 -> 46214
A31: =$A$16 -> Trần Văn Diện | B31: 3.N.HCM.CGIO.KS.102 | C31: =IF($B31="","",INDEX('Bảng 3'!C:C,MATCH($B31,'Bảng 3'!$A:$A,0))) -> Quản lý BIM | D31: =IF($B31="","",INDEX('Bảng 3'!D:D,MATCH($B31,'Bảng 3'!$A:$A,0))) -> N.HCM.CGIO.KS | E31: =IF($B31="","",INDEX('Bảng 3'!E:E,MATCH($B31,'Bảng 3'!$A:$A,0))) -> Khách sạn M Gallery - B5.02.04 | F31: =IF($B31="","",INDEX('Bảng 3'!F:F,MATCH($B31,'Bảng 3'!$A:$A,0))) -> KT | G31: =IF($B31="","",INDEX('Bảng 3'!G:G,MATCH($B31,'Bảng 3'!$A:$A,0))) -> Tạo lập mô hình BIM | J31: =J$3 -> 46174 | M31: =M$3 -> 46175 | P31: =P$3 -> 46176 | S31: =S$3 -> 46177 | V31: =V$3 -> 46178 | Y31: =Y$3 -> 46179 | AC31: =AC$3 -> 46181 | AF31: =AF$3 -> 46182 | AI31: =AI$3 -> 46183 | AL31: =AL$3 -> 46184 | AO31: =AO$3 -> 46185 | AR31: =AR$3 -> 46186 | AV31: =AV$3 -> 46188 | AY31: =AY$3 -> 46189 | BB31: =BB$3 -> 46190 | BE31: =BE$3 -> 46191 | BH31: =BH$3 -> 46192 | BK31: =BK$3 -> 46193 | BO31: =BO$3 -> 46195 | BR31: =BR$3 -> 46196 | BU31: =BU$3 -> 46197 | BX31: =BX$3 -> 46198 | CA31: =CA$3 -> 46199 | CD31: =CD$3 -> 46200 | CH31: =CH$3 -> 46202 | CK31: =CK$3 -> 46203 | CN31: =CN$3 -> 46204 | CQ31: =CQ$3 -> 46205 | CT31: =CT$3 -> 46206 | CW31: =CW$3 -> 46207 | DA31: =DA$3 -> 46209 | DD31: =DD$3 -> 46210 | DG31: =DG$3 -> 46211 | DJ31: =DJ$3 -> 46212 | DM31: =DM$3 -> 46213 | DP31: =DP$3 -> 46214
A32: =$A$16 -> Trần Văn Diện | B32: 3.N.HCM.CGIO.KS.202 | C32: =IF($B32="","",INDEX('Bảng 3'!C:C,MATCH($B32,'Bảng 3'!$A:$A,0))) -> Quản lý BIM | D32: =IF($B32="","",INDEX('Bảng 3'!D:D,MATCH($B32,'Bảng 3'!$A:$A,0))) -> N.HCM.CGIO.KS | E32: =IF($B32="","",INDEX('Bảng 3'!E:E,MATCH($B32,'Bảng 3'!$A:$A,0))) -> Khách sạn M Gallery - B5.02.04 | F32: =IF($B32="","",INDEX('Bảng 3'!F:F,MATCH($B32,'Bảng 3'!$A:$A,0))) -> KC | G32: =IF($B32="","",INDEX('Bảng 3'!G:G,MATCH($B32,'Bảng 3'!$A:$A,0))) -> Tạo lập mô hình BIM | J32: =J$3 -> 46174 | M32: =M$3 -> 46175 | P32: =P$3 -> 46176 | S32: =S$3 -> 46177 | V32: =V$3 -> 46178 | Y32: =Y$3 -> 46179 | AC32: =AC$3 -> 46181 | AF32: =AF$3 -> 46182 | AI32: =AI$3 -> 46183 | AL32: =AL$3 -> 46184 | AO32: =AO$3 -> 46185 | AR32: =AR$3 -> 46186 | AV32: =AV$3 -> 46188 | AY32: =AY$3 -> 46189 | BB32: =BB$3 -> 46190 | BE32: =BE$3 -> 46191 | BH32: =BH$3 -> 46192 | BK32: =BK$3 -> 46193 | BO32: =BO$3 -> 46195 | BR32: =BR$3 -> 46196 | BU32: =BU$3 -> 46197 | BX32: =BX$3 -> 46198 | CA32: =CA$3 -> 46199 | CD32: =CD$3 -> 46200 | CH32: =CH$3 -> 46202 | CK32: =CK$3 -> 46203 | CN32: =CN$3 -> 46204 | CQ32: =CQ$3 -> 46205 | CT32: =CT$3 -> 46206 | CW32: =CW$3 -> 46207 | DA32: =DA$3 -> 46209 | DD32: =DD$3 -> 46210 | DG32: =DG$3 -> 46211 | DJ32: =DJ$3 -> 46212 | DM32: =DM$3 -> 46213 | DP32: =DP$3 -> 46214
A33: =$A$16 -> Trần Văn Diện | B33: 3.N.HCM.CGIO.NH.101 | C33: =IF($B33="","",INDEX('Bảng 3'!C:C,MATCH($B33,'Bảng 3'!$A:$A,0))) -> Quản lý BIM | D33: =IF($B33="","",INDEX('Bảng 3'!D:D,MATCH($B33,'Bảng 3'!$A:$A,0))) -> N.HCM.CGIO.NH | E33: =IF($B33="","",INDEX('Bảng 3'!E:E,MATCH($B33,'Bảng 3'!$A:$A,0))) -> Nhà hát | F33: =IF($B33="","",INDEX('Bảng 3'!F:F,MATCH($B33,'Bảng 3'!$A:$A,0))) -> KT | G33: =IF($B33="","",INDEX('Bảng 3'!G:G,MATCH($B33,'Bảng 3'!$A:$A,0))) -> KSCL mô hình BIM | J33: =J$3 -> 46174 | M33: =M$3 -> 46175 | P33: =P$3 -> 46176 | S33: =S$3 -> 46177 | V33: =V$3 -> 46178 | Y33: =Y$3 -> 46179 | AC33: =AC$3 -> 46181 | AF33: =AF$3 -> 46182 | AI33: =AI$3 -> 46183 | AL33: =AL$3 -> 46184 | AO33: =AO$3 -> 46185 | AR33: =AR$3 -> 46186 | AV33: =AV$3 -> 46188 | AY33: =AY$3 -> 46189 | BB33: =BB$3 -> 46190 | BE33: =BE$3 -> 46191 | BH33: =BH$3 -> 46192 | BK33: =BK$3 -> 46193 | BO33: =BO$3 -> 46195 | BR33: =BR$3 -> 46196 | BU33: =BU$3 -> 46197 | BX33: =BX$3 -> 46198 | CA33: =CA$3 -> 46199 | CD33: =CD$3 -> 46200 | CH33: =CH$3 -> 46202 | CK33: =CK$3 -> 46203 | CN33: =CN$3 -> 46204 | CQ33: =CQ$3 -> 46205 | CT33: =CT$3 -> 46206 | CW33: =CW$3 -> 46207 | DA33: =DA$3 -> 46209 | DD33: =DD$3 -> 46210 | DG33: =DG$3 -> 46211 | DJ33: =DJ$3 -> 46212 | DM33: =DM$3 -> 46213 | DP33: =DP$3 -> 46214
A34: =$A$16 -> Trần Văn Diện | B34: 3.N.HCM.CGIO.NH.201 | C34: =IF($B34="","",INDEX('Bảng 3'!C:C,MATCH($B34,'Bảng 3'!$A:$A,0))) -> Quản lý BIM | D34: =IF($B34="","",INDEX('Bảng 3'!D:D,MATCH($B34,'Bảng 3'!$A:$A,0))) -> N.HCM.CGIO.NH | E34: =IF($B34="","",INDEX('Bảng 3'!E:E,MATCH($B34,'Bảng 3'!$A:$A,0))) -> Nhà hát | F34: =IF($B34="","",INDEX('Bảng 3'!F:F,MATCH($B34,'Bảng 3'!$A:$A,0))) -> KC | G34: =IF($B34="","",INDEX('Bảng 3'!G:G,MATCH($B34,'Bảng 3'!$A:$A,0))) -> KSCL mô hình BIM | J34: =J$3 -> 46174 | M34: =M$3 -> 46175 | P34: =P$3 -> 46176 | S34: =S$3 -> 46177 | V34: =V$3 -> 46178 | Y34: =Y$3 -> 46179 | AC34: =AC$3 -> 46181 | AF34: =AF$3 -> 46182 | AI34: =AI$3 -> 46183 | AL34: =AL$3 -> 46184 | AO34: =AO$3 -> 46185 | AR34: =AR$3 -> 46186 | AV34: =AV$3 -> 46188 | AY34: =AY$3 -> 46189 | BB34: =BB$3 -> 46190 | BE34: =BE$3 -> 46191 | BH34: =BH$3 -> 46192 | BK34: =BK$3 -> 46193 | BO34: =BO$3 -> 46195 | BR34: =BR$3 -> 46196 | BU34: =BU$3 -> 46197 | BX34: =BX$3 -> 46198 | CA34: =CA$3 -> 46199 | CD34: =CD$3 -> 46200 | CH34: =CH$3 -> 46202 | CK34: =CK$3 -> 46203 | CN34: =CN$3 -> 46204 | CQ34: =CQ$3 -> 46205 | CT34: =CT$3 -> 46206 | CW34: =CW$3 -> 46207 | DA34: =DA$3 -> 46209 | DD34: =DD$3 -> 46210 | DG34: =DG$3 -> 46211 | DJ34: =DJ$3 -> 46212 | DM34: =DM$3 -> 46213 | DP34: =DP$3 -> 46214
A35: =$A$16 -> Trần Văn Diện | B35: 3.T.KHO.VPNT.KSMN.111 | C35: =IF($B35="","",INDEX('Bảng 3'!C:C,MATCH($B35,'Bảng 3'!$A:$A,0))) -> Quản lý BIM | D35: =IF($B35="","",INDEX('Bảng 3'!D:D,MATCH($B35,'Bảng 3'!$A:$A,0))) -> T.KHO.VPNT.KSMN | E35: =IF($B35="","",INDEX('Bảng 3'!E:E,MATCH($B35,'Bảng 3'!$A:$A,0))) -> Mẫu M6 | F35: =IF($B35="","",INDEX('Bảng 3'!F:F,MATCH($B35,'Bảng 3'!$A:$A,0))) -> KT | G35: =IF($B35="","",INDEX('Bảng 3'!G:G,MATCH($B35,'Bảng 3'!$A:$A,0))) -> KSCL mô hình BIM | J35: =J$3 -> 46174 | M35: =M$3 -> 46175 | P35: =P$3 -> 46176 | S35: =S$3 -> 46177 | V35: =V$3 -> 46178 | Y35: =Y$3 -> 46179 | AC35: =AC$3 -> 46181 | AF35: =AF$3 -> 46182 | AI35: =AI$3 -> 46183 | AL35: =AL$3 -> 46184 | AO35: =AO$3 -> 46185 | AR35: =AR$3 -> 46186 | AV35: =AV$3 -> 46188 | AY35: =AY$3 -> 46189 | BB35: =BB$3 -> 46190 | BE35: =BE$3 -> 46191 | BH35: =BH$3 -> 46192 | BK35: =BK$3 -> 46193 | BO35: =BO$3 -> 46195 | BR35: =BR$3 -> 46196 | BU35: =BU$3 -> 46197 | BX35: =BX$3 -> 46198 | CA35: =CA$3 -> 46199 | CD35: =CD$3 -> 46200 | CH35: =CH$3 -> 46202 | CK35: =CK$3 -> 46203 | CN35: =CN$3 -> 46204 | CQ35: =CQ$3 -> 46205 | CT35: =CT$3 -> 46206 | CW35: =CW$3 -> 46207 | DA35: =DA$3 -> 46209 | DD35: =DD$3 -> 46210 | DG35: =DG$3 -> 46211 | DJ35: =DJ$3 -> 46212 | DM35: =DM$3 -> 46213 | DP35: =DP$3 -> 46214
A36: =$A$16 -> Trần Văn Diện | B36: 3.T.KHO.VPNT.KSMN.112 | C36: =IF($B36="","",INDEX('Bảng 3'!C:C,MATCH($B36,'Bảng 3'!$A:$A,0))) -> Quản lý BIM | D36: =IF($B36="","",INDEX('Bảng 3'!D:D,MATCH($B36,'Bảng 3'!$A:$A,0))) -> T.KHO.VPNT.KSMN | E36: =IF($B36="","",INDEX('Bảng 3'!E:E,MATCH($B36,'Bảng 3'!$A:$A,0))) -> Mẫu M6 | F36: =IF($B36="","",INDEX('Bảng 3'!F:F,MATCH($B36,'Bảng 3'!$A:$A,0))) -> KT | G36: =IF($B36="","",INDEX('Bảng 3'!G:G,MATCH($B36,'Bảng 3'!$A:$A,0))) -> Tạo lập mô hình BIM | J36: =J$3 -> 46174 | M36: =M$3 -> 46175 | P36: =P$3 -> 46176 | S36: =S$3 -> 46177 | V36: =V$3 -> 46178 | Y36: =Y$3 -> 46179 | AC36: =AC$3 -> 46181 | AF36: =AF$3 -> 46182 | AI36: =AI$3 -> 46183 | AL36: =AL$3 -> 46184 | AO36: =AO$3 -> 46185 | AR36: =AR$3 -> 46186 | AV36: =AV$3 -> 46188 | AY36: =AY$3 -> 46189 | BB36: =BB$3 -> 46190 | BE36: =BE$3 -> 46191 | BH36: =BH$3 -> 46192 | BK36: =BK$3 -> 46193 | BO36: =BO$3 -> 46195 | BR36: =BR$3 -> 46196 | BU36: =BU$3 -> 46197 | BX36: =BX$3 -> 46198 | CA36: =CA$3 -> 46199 | CD36: =CD$3 -> 46200 | CH36: =CH$3 -> 46202 | CK36: =CK$3 -> 46203 | CN36: =CN$3 -> 46204 | CQ36: =CQ$3 -> 46205 | CT36: =CT$3 -> 46206 | CW36: =CW$3 -> 46207 | DA36: =DA$3 -> 46209 | DD36: =DD$3 -> 46210 | DG36: =DG$3 -> 46211 | DJ36: =DJ$3 -> 46212 | DM36: =DM$3 -> 46213 | DP36: =DP$3 -> 46214
A37: =$A$16 -> Trần Văn Diện | B37: 3.T.KHO.VPNT.KSMN.206 | C37: =IF($B37="","",INDEX('Bảng 3'!C:C,MATCH($B37,'Bảng 3'!$A:$A,0))) -> Quản lý BIM | D37: =IF($B37="","",INDEX('Bảng 3'!D:D,MATCH($B37,'Bảng 3'!$A:$A,0))) -> T.KHO.VPNT.KSMN | E37: =IF($B37="","",INDEX('Bảng 3'!E:E,MATCH($B37,'Bảng 3'!$A:$A,0))) -> Mẫu M6 | F37: =IF($B37="","",INDEX('Bảng 3'!F:F,MATCH($B37,'Bảng 3'!$A:$A,0))) -> KC | G37: =IF($B37="","",INDEX('Bảng 3'!G:G,MATCH($B37,'Bảng 3'!$A:$A,0))) -> KSCL mô hình BIM | J37: =J$3 -> 46174 | M37: =M$3 -> 46175 | P37: =P$3 -> 46176 | S37: =S$3 -> 46177 | V37: =V$3 -> 46178 | Y37: =Y$3 -> 46179 | AC37: =AC$3 -> 46181 | AF37: =AF$3 -> 46182 | AI37: =AI$3 -> 46183 | AL37: =AL$3 -> 46184 | AO37: =AO$3 -> 46185 | AR37: =AR$3 -> 46186 | AV37: =AV$3 -> 46188 | AY37: =AY$3 -> 46189 | BB37: =BB$3 -> 46190 | BE37: =BE$3 -> 46191 | BH37: =BH$3 -> 46192 | BK37: =BK$3 -> 46193 | BO37: =BO$3 -> 46195 | BR37: =BR$3 -> 46196 | BU37: =BU$3 -> 46197 | BX37: =BX$3 -> 46198 | CA37: =CA$3 -> 46199 | CD37: =CD$3 -> 46200 | CH37: =CH$3 -> 46202 | CK37: =CK$3 -> 46203 | CN37: =CN$3 -> 46204 | CQ37: =CQ$3 -> 46205 | CT37: =CT$3 -> 46206 | CW37: =CW$3 -> 46207 | DA37: =DA$3 -> 46209 | DD37: =DD$3 -> 46210 | DG37: =DG$3 -> 46211 | DJ37: =DJ$3 -> 46212 | DM37: =DM$3 -> 46213 | DP37: =DP$3 -> 46214
A38: =$A$16 -> Trần Văn Diện | C38: =IF($B38="","",INDEX('Bảng 3'!C:C,MATCH($B38,'Bảng 3'!$A:$A,0))) | D38: =IF($B38="","",INDEX('Bảng 3'!D:D,MATCH($B38,'Bảng 3'!$A:$A,0))) | E38: =IF($B38="","",INDEX('Bảng 3'!E:E,MATCH($B38,'Bảng 3'!$A:$A,0))) | F38: =IF($B38="","",INDEX('Bảng 3'!F:F,MATCH($B38,'Bảng 3'!$A:$A,0))) | G38: =IF($B38="","",INDEX('Bảng 3'!G:G,MATCH($B38,'Bảng 3'!$A:$A,0))) | J38: =J$3 -> 46174 | M38: =M$3 -> 46175 | P38: =P$3 -> 46176 | S38: =S$3 -> 46177 | V38: =V$3 -> 46178 | Y38: =Y$3 -> 46179 | AC38: =AC$3 -> 46181 | AF38: =AF$3 -> 46182 | AI38: =AI$3 -> 46183 | AL38: =AL$3 -> 46184 | AO38: =AO$3 -> 46185 | AR38: =AR$3 -> 46186 | AV38: =AV$3 -> 46188 | AY38: =AY$3 -> 46189 | BB38: =BB$3 -> 46190 | BE38: =BE$3 -> 46191 | BH38: =BH$3 -> 46192 | BK38: =BK$3 -> 46193 | BO38: =BO$3 -> 46195 | BR38: =BR$3 -> 46196 | BU38: =BU$3 -> 46197 | BX38: =BX$3 -> 46198 | CA38: =CA$3 -> 46199 | CD38: =CD$3 -> 46200 | CH38: =CH$3 -> 46202 | CK38: =CK$3 -> 46203 | CN38: =CN$3 -> 46204 | CQ38: =CQ$3 -> 46205 | CT38: =CT$3 -> 46206 | CW38: =CW$3 -> 46207 | DA38: =DA$3 -> 46209 | DD38: =DD$3 -> 46210 | DG38: =DG$3 -> 46211 | DJ38: =DJ$3 -> 46212 | DM38: =DM$3 -> 46213 | DP38: =DP$3 -> 46214
A39: =$A$16 -> Trần Văn Diện | C39: =IF($B39="","",INDEX('Bảng 3'!C:C,MATCH($B39,'Bảng 3'!$A:$A,0))) | D39: =IF($B39="","",INDEX('Bảng 3'!D:D,MATCH($B39,'Bảng 3'!$A:$A,0))) | E39: =IF($B39="","",INDEX('Bảng 3'!E:E,MATCH($B39,'Bảng 3'!$A:$A,0))) | F39: =IF($B39="","",INDEX('Bảng 3'!F:F,MATCH($B39,'Bảng 3'!$A:$A,0))) | G39: =IF($B39="","",INDEX('Bảng 3'!G:G,MATCH($B39,'Bảng 3'!$A:$A,0))) | J39: =J$3 -> 46174 | M39: =M$3 -> 46175 | P39: =P$3 -> 46176 | S39: =S$3 -> 46177 | V39: =V$3 -> 46178 | Y39: =Y$3 -> 46179 | AC39: =AC$3 -> 46181 | AF39: =AF$3 -> 46182 | AI39: =AI$3 -> 46183 | AL39: =AL$3 -> 46184 | AO39: =AO$3 -> 46185 | AR39: =AR$3 -> 46186 | AV39: =AV$3 -> 46188 | AY39: =AY$3 -> 46189 | BB39: =BB$3 -> 46190 | BE39: =BE$3 -> 46191 | BH39: =BH$3 -> 46192 | BK39: =BK$3 -> 46193 | BO39: =BO$3 -> 46195 | BR39: =BR$3 -> 46196 | BU39: =BU$3 -> 46197 | BX39: =BX$3 -> 46198 | CA39: =CA$3 -> 46199 | CD39: =CD$3 -> 46200 | CH39: =CH$3 -> 46202 | CK39: =CK$3 -> 46203 | CN39: =CN$3 -> 46204 | CQ39: =CQ$3 -> 46205 | CT39: =CT$3 -> 46206 | CW39: =CW$3 -> 46207 | DA39: =DA$3 -> 46209 | DD39: =DD$3 -> 46210 | DG39: =DG$3 -> 46211 | DJ39: =DJ$3 -> 46212 | DM39: =DM$3 -> 46213 | DP39: =DP$3 -> 46214
A40: =$A$16 -> Trần Văn Diện | C40: =IF($B40="","",INDEX('Bảng 3'!C:C,MATCH($B40,'Bảng 3'!$A:$A,0))) | D40: =IF($B40="","",INDEX('Bảng 3'!D:D,MATCH($B40,'Bảng 3'!$A:$A,0))) | E40: =IF($B40="","",INDEX('Bảng 3'!E:E,MATCH($B40,'Bảng 3'!$A:$A,0))) | F40: =IF($B40="","",INDEX('Bảng 3'!F:F,MATCH($B40,'Bảng 3'!$A:$A,0))) | G40: =IF($B40="","",INDEX('Bảng 3'!G:G,MATCH($B40,'Bảng 3'!$A:$A,0))) | J40: =J$3 -> 46174 | M40: =M$3 -> 46175 | P40: =P$3 -> 46176 | S40: =S$3 -> 46177 | V40: =V$3 -> 46178 | Y40: =Y$3 -> 46179 | AC40: =AC$3 -> 46181 | AF40: =AF$3 -> 46182 | AI40: =AI$3 -> 46183 | AL40: =AL$3 -> 46184 | AO40: =AO$3 -> 46185 | AR40: =AR$3 -> 46186 | AV40: =AV$3 -> 46188 | AY40: =AY$3 -> 46189 | BB40: =BB$3 -> 46190 | BE40: =BE$3 -> 46191 | BH40: =BH$3 -> 46192 | BK40: =BK$3 -> 46193 | BO40: =BO$3 -> 46195 | BR40: =BR$3 -> 46196 | BU40: =BU$3 -> 46197 | BX40: =BX$3 -> 46198 | CA40: =CA$3 -> 46199 | CD40: =CD$3 -> 46200 | CH40: =CH$3 -> 46202 | CK40: =CK$3 -> 46203 | CN40: =CN$3 -> 46204 | CQ40: =CQ$3 -> 46205 | CT40: =CT$3 -> 46206 | CW40: =CW$3 -> 46207 | DA40: =DA$3 -> 46209 | DD40: =DD$3 -> 46210 | DG40: =DG$3 -> 46211 | DJ40: =DJ$3 -> 46212 | DM40: =DM$3 -> 46213 | DP40: =DP$3 -> 46214
A41: =$A$16 -> Trần Văn Diện | C41: Công việc khác | D41: N/A | E41: N/A | F41: N/A | G41: N/A | J41: =J$3 -> 46174 | M41: =M$3 -> 46175 | P41: =P$3 -> 46176 | S41: =S$3 -> 46177 | V41: =V$3 -> 46178 | Y41: =Y$3 -> 46179 | AC41: =AC$3 -> 46181 | AF41: =AF$3 -> 46182 | AI41: =AI$3 -> 46183 | AL41: =AL$3 -> 46184 | AO41: =AO$3 -> 46185 | AR41: =AR$3 -> 46186 | AV41: =AV$3 -> 46188 | AY41: =AY$3 -> 46189 | BB41: =BB$3 -> 46190 | BE41: =BE$3 -> 46191 | BH41: =BH$3 -> 46192 | BK41: =BK$3 -> 46193 | BO41: =BO$3 -> 46195 | BR41: =BR$3 -> 46196 | BU41: =BU$3 -> 46197 | BX41: =BX$3 -> 46198 | CA41: =CA$3 -> 46199 | CD41: =CD$3 -> 46200 | CH41: =CH$3 -> 46202 | CK41: =CK$3 -> 46203 | CN41: =CN$3 -> 46204 | CQ41: =CQ$3 -> 46205 | CT41: =CT$3 -> 46206 | CW41: =CW$3 -> 46207
A42: Đỗ Minh Ngọc | C42: =IF($B42="","",INDEX('Bảng 3'!C:C,MATCH($B42,'Bảng 3'!$A:$A,0))) | D42: =IF($B42="","",INDEX('Bảng 3'!D:D,MATCH($B42,'Bảng 3'!$A:$A,0))) | E42: =IF($B42="","",INDEX('Bảng 3'!E:E,MATCH($B42,'Bảng 3'!$A:$A,0))) | F42: =IF($B42="","",INDEX('Bảng 3'!F:F,MATCH($B42,'Bảng 3'!$A:$A,0))) | G42: =IF($B42="","",INDEX('Bảng 3'!G:G,MATCH($B42,'Bảng 3'!$A:$A,0))) | J42: =J$3 -> 46174 | L42: =SUM(L43:L79) -> 8.5 | M42: =M$3 -> 46175 | O42: =SUM(O43:O79) -> 9 | P42: =P$3 -> 46176 | R42: =SUM(R43:R79) -> 0 | S42: =S$3 -> 46177 | U42: =SUM(U43:U79) -> 0 | V42: =V$3 -> 46178 | X42: =SUM(X43:X79) -> 0 | Y42: =Y$3 -> 46179 | AA42: =SUM(AA43:AA79) -> 0 | AC42: =AC$3 -> 46181 | AE42: =SUM(AE43:AE79) -> 0 | AF42: =AF$3 -> 46182 | AH42: =SUM(AH43:AH79) -> 0 | AI42: =AI$3 -> 46183 | AK42: =SUM(AK43:AK79) -> 0 | AL42: =AL$3 -> 46184 | AN42: =SUM(AN43:AN79) -> 0 | AO42: =AO$3 -> 46185 | AQ42: =SUM(AQ43:AQ79) -> 0 | AR42: =AR$3 -> 46186 | AT42: =SUM(AT43:AT79) -> 0 | AV42: =AV$3 -> 46188 | AX42: =SUM(AX43:AX79) -> 0 | AY42: =AY$3 -> 46189 | BA42: =SUM(BA43:BA79) -> 0 | BB42: =BB$3 -> 46190 | BD42: =SUM(BD43:BD79) -> 0 | BE42: =BE$3 -> 46191 | BG42: =SUM(BG43:BG79) -> 0 | BH42: =BH$3 -> 46192 | BJ42: =SUM(BJ43:BJ79) -> 0 | BK42: =BK$3 -> 46193 | BM42: =SUM(BM43:BM79) -> 0 | BO42: =BO$3 -> 46195 | BQ42: =SUM(BQ43:BQ79) -> 0 | BR42: =BR$3 -> 46196 | BT42: =SUM(BT43:BT79) -> 0 | BU42: =BU$3 -> 46197 | BW42: =SUM(BW43:BW79) -> 0 | BX42: =BX$3 -> 46198 | BZ42: =SUM(BZ43:BZ79) -> 0 | CA42: =CA$3 -> 46199 | CC42: =SUM(CC43:CC79) -> 0 | CD42: =CD$3 -> 46200 | CF42: =SUM(CF43:CF79) -> 0 | CH42: =CH$3 -> 46202 | CJ42: =SUM(CJ43:CJ79) -> 0 | CK42: =CK$3 -> 46203 | CM42: =SUM(CM43:CM79) -> 0 | CN42: =CN$3 -> 46204 | CP42: =SUM(CP43:CP79) -> 0 | CQ42: =CQ$3 -> 46205 | CS42: =SUM(CS43:CS79) -> 0 | CT42: =CT$3 -> 46206 | CV42: =SUM(CV43:CV79) -> 0 | CW42: =CW$3 -> 46207 | CY42: =SUM(CY43:CY79) -> 0 | DA42: =DA$3 -> 46209 | DC42: =SUM(DC43:DC79) -> 0 | DD42: =DD$3 -> 46210 | DF42: =SUM(DF43:DF79) -> 0 | DG42: =DG$3 -> 46211 | DI42: =SUM(DI43:DI79) -> 0 | DJ42: =DJ$3 -> 46212 | DL42: =SUM(DL43:DL79) -> 0 | DM42: =DM$3 -> 46213 | DO42: =SUM(DO43:DO79) -> 0 | DP42: =DP$3 -> 46214 | DR42: =SUM(DR43:DR79) -> 0
A43: =$A$42 -> Đỗ Minh Ngọc | B43: ='Bảng 3'!A105 -> 3.B.HYE.NOXHHY.CT.101 | C43: =IF($B43="","",INDEX('Bảng 3'!C:C,MATCH($B43,'Bảng 3'!$A:$A,0))) -> Quản lý BIM | D43: =IF($B43="","",INDEX('Bảng 3'!D:D,MATCH($B43,'Bảng 3'!$A:$A,0))) -> B.HYE.NOXHHY.CT | E43: =IF($B43="","",INDEX('Bảng 3'!E:E,MATCH($B43,'Bảng 3'!$A:$A,0))) -> NOXH01 (04 tòa) | F43: =IF($B43="","",INDEX('Bảng 3'!F:F,MATCH($B43,'Bảng 3'!$A:$A,0))) -> KT | G43: =IF($B43="","",INDEX('Bảng 3'!G:G,MATCH($B43,'Bảng 3'!$A:$A,0))) -> KSCL mô hình BIM | J43: =J$3 -> 46174 | K43: Checklist kiểm soát chất lượng mô hình KT, xuất báo cáo KSCLMH | L43: 1 | M43: =M$3 -> 46175 | P43: =P$3 -> 46176 | S43: =S$3 -> 46177 | V43: =V$3 -> 46178 | Y43: =Y$3 -> 46179 | AC43: =AC$3 -> 46181 | AF43: =AF$3 -> 46182 | AI43: =AI$3 -> 46183 | AL43: =AL$3 -> 46184 | AO43: =AO$3 -> 46185 | AR43: =AR$3 -> 46186 | AV43: =AV$3 -> 46188 | AY43: =AY$3 -> 46189 | BB43: =BB$3 -> 46190 | BE43: =BE$3 -> 46191 | BH43: =BH$3 -> 46192 | BK43: =BK$3 -> 46193 | BO43: =BO$3 -> 46195 | BR43: =BR$3 -> 46196 | BU43: =BU$3 -> 46197 | BX43: =BX$3 -> 46198 | CA43: =CA$3 -> 46199 | CD43: =CD$3 -> 46200 | CH43: =CH$3 -> 46202 | CK43: =CK$3 -> 46203 | CN43: =CN$3 -> 46204 | CQ43: =CQ$3 -> 46205 | CT43: =CT$3 -> 46206 | CW43: =CW$3 -> 46207 | DA43: =DA$3 -> 46209 | DD43: =DD$3 -> 46210 | DG43: =DG$3 -> 46211 | DJ43: =DJ$3 -> 46212 | DM43: =DM$3 -> 46213 | DP43: =DP$3 -> 46214
A44: =$A$42 -> Đỗ Minh Ngọc | B44: ='Bảng 3'!A106 -> 3.B.HYE.NOXHHY.CT.201 | C44: =IF($B44="","",INDEX('Bảng 3'!C:C,MATCH($B44,'Bảng 3'!$A:$A,0))) -> Quản lý BIM | D44: =IF($B44="","",INDEX('Bảng 3'!D:D,MATCH($B44,'Bảng 3'!$A:$A,0))) -> B.HYE.NOXHHY.CT | E44: =IF($B44="","",INDEX('Bảng 3'!E:E,MATCH($B44,'Bảng 3'!$A:$A,0))) -> NOXH01 (04 tòa) | F44: =IF($B44="","",INDEX('Bảng 3'!F:F,MATCH($B44,'Bảng 3'!$A:$A,0))) -> KC | G44: =IF($B44="","",INDEX('Bảng 3'!G:G,MATCH($B44,'Bảng 3'!$A:$A,0))) -> KSCL mô hình BIM | J44: =J$3 -> 46174 | M44: =M$3 -> 46175 | P44: =P$3 -> 46176 | S44: =S$3 -> 46177 | V44: =V$3 -> 46178 | Y44: =Y$3 -> 46179 | AC44: =AC$3 -> 46181 | AF44: =AF$3 -> 46182 | AI44: =AI$3 -> 46183 | AL44: =AL$3 -> 46184 | AO44: =AO$3 -> 46185 | AR44: =AR$3 -> 46186 | AV44: =AV$3 -> 46188 | AY44: =AY$3 -> 46189 | BB44: =BB$3 -> 46190 | BE44: =BE$3 -> 46191 | BH44: =BH$3 -> 46192 | BK44: =BK$3 -> 46193 | BO44: =BO$3 -> 46195 | BR44: =BR$3 -> 46196 | BU44: =BU$3 -> 46197 | BX44: =BX$3 -> 46198 | CA44: =CA$3 -> 46199 | CD44: =CD$3 -> 46200 | CH44: =CH$3 -> 46202 | CK44: =CK$3 -> 46203 | CN44: =CN$3 -> 46204 | CQ44: =CQ$3 -> 46205 | CT44: =CT$3 -> 46206 | CW44: =CW$3 -> 46207 | DA44: =DA$3 -> 46209 | DD44: =DD$3 -> 46210 | DG44: =DG$3 -> 46211 | DJ44: =DJ$3 -> 46212 | DM44: =DM$3 -> 46213 | DP44: =DP$3 -> 46214
A45: =$A$42 -> Đỗ Minh Ngọc | B45: ='Bảng 3'!A112 -> 3.B.HYE.NOXHHY.CT.102 | C45: =IF($B45="","",INDEX('Bảng 3'!C:C,MATCH($B45,'Bảng 3'!$A:$A,0))) -> Quản lý BIM | D45: =IF($B45="","",INDEX('Bảng 3'!D:D,MATCH($B45,'Bảng 3'!$A:$A,0))) -> B.HYE.NOXHHY.CT | E45: =IF($B45="","",INDEX('Bảng 3'!E:E,MATCH($B45,'Bảng 3'!$A:$A,0))) -> NOXH02 (09 tòa) | F45: =IF($B45="","",INDEX('Bảng 3'!F:F,MATCH($B45,'Bảng 3'!$A:$A,0))) -> KT | G45: =IF($B45="","",INDEX('Bảng 3'!G:G,MATCH($B45,'Bảng 3'!$A:$A,0))) -> KSCL mô hình BIM | J45: =J$3 -> 46174 | M45: =M$3 -> 46175 | N45: Checklist kiểm soát chất lượng mô hình KT 2 khối hầm NOXH02.HA1 và NOXH02.HA2, xuất báo cáo KSCLMH Gửi mail báo cáo KSCLMH lần 1 | O45: 6 | P45: =P$3 -> 46176 | S45: =S$3 -> 46177 | V45: =V$3 -> 46178 | Y45: =Y$3 -> 46179 | AC45: =AC$3 -> 46181 | AF45: =AF$3 -> 46182 | AI45: =AI$3 -> 46183 | AL45: =AL$3 -> 46184 | AO45: =AO$3 -> 46185 | AR45: =AR$3 -> 46186 | AV45: =AV$3 -> 46188 | AY45: =AY$3 -> 46189 | BB45: =BB$3 -> 46190 | BE45: =BE$3 -> 46191 | BH45: =BH$3 -> 46192 | BK45: =BK$3 -> 46193 | BO45: =BO$3 -> 46195 | BR45: =BR$3 -> 46196 | BU45: =BU$3 -> 46197 | BX45: =BX$3 -> 46198 | CA45: =CA$3 -> 46199 | CD45: =CD$3 -> 46200 | CH45: =CH$3 -> 46202 | CK45: =CK$3 -> 46203 | CN45: =CN$3 -> 46204 | CQ45: =CQ$3 -> 46205 | CT45: =CT$3 -> 46206 | CW45: =CW$3 -> 46207 | DA45: =DA$3 -> 46209 | DD45: =DD$3 -> 46210 | DG45: =DG$3 -> 46211 | DJ45: =DJ$3 -> 46212 | DM45: =DM$3 -> 46213 | DP45: =DP$3 -> 46214
A46: =$A$42 -> Đỗ Minh Ngọc | B46: ='Bảng 3'!A113 -> 3.B.HYE.NOXHHY.CT.202 | C46: =IF($B46="","",INDEX('Bảng 3'!C:C,MATCH($B46,'Bảng 3'!$A:$A,0))) -> Quản lý BIM | D46: =IF($B46="","",INDEX('Bảng 3'!D:D,MATCH($B46,'Bảng 3'!$A:$A,0))) -> B.HYE.NOXHHY.CT | E46: =IF($B46="","",INDEX('Bảng 3'!E:E,MATCH($B46,'Bảng 3'!$A:$A,0))) -> NOXH02 (09 tòa) | F46: =IF($B46="","",INDEX('Bảng 3'!F:F,MATCH($B46,'Bảng 3'!$A:$A,0))) -> KC | G46: =IF($B46="","",INDEX('Bảng 3'!G:G,MATCH($B46,'Bảng 3'!$A:$A,0))) -> KSCL mô hình BIM | J46: =J$3 -> 46174 | M46: =M$3 -> 46175 | N46: Trao đổi TT tiến độ với KC, yêu cầu KC nộp mô hình | O46: 0.25 | P46: =P$3 -> 46176 | S46: =S$3 -> 46177 | V46: =V$3 -> 46178 | Y46: =Y$3 -> 46179 | AC46: =AC$3 -> 46181 | AF46: =AF$3 -> 46182 | AI46: =AI$3 -> 46183 | AL46: =AL$3 -> 46184 | AO46: =AO$3 -> 46185 | AR46: =AR$3 -> 46186 | AV46: =AV$3 -> 46188 | AY46: =AY$3 -> 46189 | BB46: =BB$3 -> 46190 | BE46: =BE$3 -> 46191 | BH46: =BH$3 -> 46192 | BK46: =BK$3 -> 46193 | BO46: =BO$3 -> 46195 | BR46: =BR$3 -> 46196 | BU46: =BU$3 -> 46197 | BX46: =BX$3 -> 46198 | CA46: =CA$3 -> 46199 | CD46: =CD$3 -> 46200 | CH46: =CH$3 -> 46202 | CK46: =CK$3 -> 46203 | CN46: =CN$3 -> 46204 | CQ46: =CQ$3 -> 46205 | CT46: =CT$3 -> 46206 | CW46: =CW$3 -> 46207 | DA46: =DA$3 -> 46209 | DD46: =DD$3 -> 46210 | DG46: =DG$3 -> 46211 | DJ46: =DJ$3 -> 46212 | DM46: =DM$3 -> 46213 | DP46: =DP$3 -> 46214
A47: =$A$42 -> Đỗ Minh Ngọc | B47: ='Bảng 3'!A143 -> 3.B.HYE.PVF.101 | C47: =IF($B47="","",INDEX('Bảng 3'!C:C,MATCH($B47,'Bảng 3'!$A:$A,0))) -> Quản lý BIM | D47: =IF($B47="","",INDEX('Bảng 3'!D:D,MATCH($B47,'Bảng 3'!$A:$A,0))) -> B.HYE.PVF | E47: =IF($B47="","",INDEX('Bảng 3'!E:E,MATCH($B47,'Bảng 3'!$A:$A,0))) -> Nhà thi đấu TDTT03 | F47: =IF($B47="","",INDEX('Bảng 3'!F:F,MATCH($B47,'Bảng 3'!$A:$A,0))) -> KT | G47: =IF($B47="","",INDEX('Bảng 3'!G:G,MATCH($B47,'Bảng 3'!$A:$A,0))) -> KSCL mô hình BIM | J47: =J$3 -> 46174 | M47: =M$3 -> 46175 | N47: Trao đổi, hướng dẫn KT về tiến độ, vướng mắc, cách nhập LOD cho mô hình | O47: 0.5 | P47: =P$3 -> 46176 | S47: =S$3 -> 46177 | V47: =V$3 -> 46178 | Y47: =Y$3 -> 46179 | AC47: =AC$3 -> 46181 | AF47: =AF$3 -> 46182 | AI47: =AI$3 -> 46183 | AL47: =AL$3 -> 46184 | AO47: =AO$3 -> 46185 | AR47: =AR$3 -> 46186 | AV47: =AV$3 -> 46188 | AY47: =AY$3 -> 46189 | BB47: =BB$3 -> 46190 | BE47: =BE$3 -> 46191 | BH47: =BH$3 -> 46192 | BK47: =BK$3 -> 46193 | BO47: =BO$3 -> 46195 | BR47: =BR$3 -> 46196 | BU47: =BU$3 -> 46197 | BX47: =BX$3 -> 46198 | CA47: =CA$3 -> 46199 | CD47: =CD$3 -> 46200 | CH47: =CH$3 -> 46202 | CK47: =CK$3 -> 46203 | CN47: =CN$3 -> 46204 | CQ47: =CQ$3 -> 46205 | CT47: =CT$3 -> 46206 | CW47: =CW$3 -> 46207 | DA47: =DA$3 -> 46209 | DD47: =DD$3 -> 46210 | DG47: =DG$3 -> 46211 | DJ47: =DJ$3 -> 46212 | DM47: =DM$3 -> 46213 | DP47: =DP$3 -> 46214
A48: =$A$42 -> Đỗ Minh Ngọc | B48: ='Bảng 3'!A145 -> 3.B.HYE.PVF.201 | C48: =IF($B48="","",INDEX('Bảng 3'!C:C,MATCH($B48,'Bảng 3'!$A:$A,0))) -> Quản lý BIM | D48: =IF($B48="","",INDEX('Bảng 3'!D:D,MATCH($B48,'Bảng 3'!$A:$A,0))) -> B.HYE.PVF | E48: =IF($B48="","",INDEX('Bảng 3'!E:E,MATCH($B48,'Bảng 3'!$A:$A,0))) -> Nhà thi đấu TDTT03 | F48: =IF($B48="","",INDEX('Bảng 3'!F:F,MATCH($B48,'Bảng 3'!$A:$A,0))) -> KC | G48: =IF($B48="","",INDEX('Bảng 3'!G:G,MATCH($B48,'Bảng 3'!$A:$A,0))) -> KSCL mô hình BIM | J48: =J$3 -> 46174 | M48: =M$3 -> 46175 | P48: =P$3 -> 46176 | S48: =S$3 -> 46177 | V48: =V$3 -> 46178 | Y48: =Y$3 -> 46179 | AC48: =AC$3 -> 46181 | AF48: =AF$3 -> 46182 | AI48: =AI$3 -> 46183 | AL48: =AL$3 -> 46184 | AO48: =AO$3 -> 46185 | AR48: =AR$3 -> 46186 | AV48: =AV$3 -> 46188 | AY48: =AY$3 -> 46189 | BB48: =BB$3 -> 46190 | BE48: =BE$3 -> 46191 | BH48: =BH$3 -> 46192 | BK48: =BK$3 -> 46193 | BO48: =BO$3 -> 46195 | BR48: =BR$3 -> 46196 | BU48: =BU$3 -> 46197 | BX48: =BX$3 -> 46198 | CA48: =CA$3 -> 46199 | CD48: =CD$3 -> 46200 | CH48: =CH$3 -> 46202 | CK48: =CK$3 -> 46203 | CN48: =CN$3 -> 46204 | CQ48: =CQ$3 -> 46205 | CT48: =CT$3 -> 46206 | CW48: =CW$3 -> 46207 | DA48: =DA$3 -> 46209 | DD48: =DD$3 -> 46210 | DG48: =DG$3 -> 46211 | DJ48: =DJ$3 -> 46212 | DM48: =DM$3 -> 46213 | DP48: =DP$3 -> 46214
A49: =$A$42 -> Đỗ Minh Ngọc | B49: ='Bảng 3'!A166 -> 3.B.QNI.HLX.CT.103 | C49: =IF($B49="","",INDEX('Bảng 3'!C:C,MATCH($B49,'Bảng 3'!$A:$A,0))) -> Quản lý BIM | D49: =IF($B49="","",INDEX('Bảng 3'!D:D,MATCH($B49,'Bảng 3'!$A:$A,0))) -> B.QNI.HLX.CT | E49: =IF($B49="","",INDEX('Bảng 3'!E:E,MATCH($B49,'Bảng 3'!$A:$A,0))) -> Hầm lô B03.2-CCCT-03 | F49: =IF($B49="","",INDEX('Bảng 3'!F:F,MATCH($B49,'Bảng 3'!$A:$A,0))) -> KT | G49: =IF($B49="","",INDEX('Bảng 3'!G:G,MATCH($B49,'Bảng 3'!$A:$A,0))) -> Tạo lập mô hình BIM | J49: =J$3 -> 46174 | M49: =M$3 -> 46175 | P49: =P$3 -> 46176 | S49: =S$3 -> 46177 | V49: =V$3 -> 46178 | Y49: =Y$3 -> 46179 | AC49: =AC$3 -> 46181 | AF49: =AF$3 -> 46182 | AI49: =AI$3 -> 46183 | AL49: =AL$3 -> 46184 | AO49: =AO$3 -> 46185 | AR49: =AR$3 -> 46186 | AV49: =AV$3 -> 46188 | AY49: =AY$3 -> 46189 | BB49: =BB$3 -> 46190 | BE49: =BE$3 -> 46191 | BH49: =BH$3 -> 46192 | BK49: =BK$3 -> 46193 | BO49: =BO$3 -> 46195 | BR49: =BR$3 -> 46196 | BU49: =BU$3 -> 46197 | BX49: =BX$3 -> 46198 | CA49: =CA$3 -> 46199 | CD49: =CD$3 -> 46200 | CH49: =CH$3 -> 46202 | CK49: =CK$3 -> 46203 | CN49: =CN$3 -> 46204 | CQ49: =CQ$3 -> 46205 | CT49: =CT$3 -> 46206 | CW49: =CW$3 -> 46207 | DA49: =DA$3 -> 46209 | DD49: =DD$3 -> 46210 | DG49: =DG$3 -> 46211 | DJ49: =DJ$3 -> 46212 | DM49: =DM$3 -> 46213 | DP49: =DP$3 -> 46214
A50: =$A$42 -> Đỗ Minh Ngọc | B50: ='Bảng 3'!A167 -> 3.B.QNI.HLX.CT.203 | C50: =IF($B50="","",INDEX('Bảng 3'!C:C,MATCH($B50,'Bảng 3'!$A:$A,0))) -> Quản lý BIM | D50: =IF($B50="","",INDEX('Bảng 3'!D:D,MATCH($B50,'Bảng 3'!$A:$A,0))) -> B.QNI.HLX.CT | E50: =IF($B50="","",INDEX('Bảng 3'!E:E,MATCH($B50,'Bảng 3'!$A:$A,0))) -> Hầm lô B03.2-CCCT-03 | F50: =IF($B50="","",INDEX('Bảng 3'!F:F,MATCH($B50,'Bảng 3'!$A:$A,0))) -> KC | G50: =IF($B50="","",INDEX('Bảng 3'!G:G,MATCH($B50,'Bảng 3'!$A:$A,0))) -> Tạo lập mô hình BIM | J50: =J$3 -> 46174 | M50: =M$3 -> 46175 | P50: =P$3 -> 46176 | S50: =S$3 -> 46177 | V50: =V$3 -> 46178 | Y50: =Y$3 -> 46179 | AC50: =AC$3 -> 46181 | AF50: =AF$3 -> 46182 | AI50: =AI$3 -> 46183 | AL50: =AL$3 -> 46184 | AO50: =AO$3 -> 46185 | AR50: =AR$3 -> 46186 | AV50: =AV$3 -> 46188 | AY50: =AY$3 -> 46189 | BB50: =BB$3 -> 46190 | BE50: =BE$3 -> 46191 | BH50: =BH$3 -> 46192 | BK50: =BK$3 -> 46193 | BO50: =BO$3 -> 46195 | BR50: =BR$3 -> 46196 | BU50: =BU$3 -> 46197 | BX50: =BX$3 -> 46198 | CA50: =CA$3 -> 46199 | CD50: =CD$3 -> 46200 | CH50: =CH$3 -> 46202 | CK50: =CK$3 -> 46203 | CN50: =CN$3 -> 46204 | CQ50: =CQ$3 -> 46205 | CT50: =CT$3 -> 46206 | CW50: =CW$3 -> 46207 | DA50: =DA$3 -> 46209 | DD50: =DD$3 -> 46210 | DG50: =DG$3 -> 46211 | DJ50: =DJ$3 -> 46212 | DM50: =DM$3 -> 46213 | DP50: =DP$3 -> 46214
A51: =$A$42 -> Đỗ Minh Ngọc | B51: ='Bảng 3'!A174 -> 3.B.QNI.HLX.CT.107 | C51: =IF($B51="","",INDEX('Bảng 3'!C:C,MATCH($B51,'Bảng 3'!$A:$A,0))) -> Quản lý BIM | D51: =IF($B51="","",INDEX('Bảng 3'!D:D,MATCH($B51,'Bảng 3'!$A:$A,0))) -> B.QNI.HLX.CT | E51: =IF($B51="","",INDEX('Bảng 3'!E:E,MATCH($B51,'Bảng 3'!$A:$A,0))) -> Tháp Z35 | F51: =IF($B51="","",INDEX('Bảng 3'!F:F,MATCH($B51,'Bảng 3'!$A:$A,0))) -> KT | G51: =IF($B51="","",INDEX('Bảng 3'!G:G,MATCH($B51,'Bảng 3'!$A:$A,0))) -> Tạo lập mô hình BIM | J51: =J$3 -> 46174 | M51: =M$3 -> 46175 | P51: =P$3 -> 46176 | S51: =S$3 -> 46177 | V51: =V$3 -> 46178 | Y51: =Y$3 -> 46179 | AC51: =AC$3 -> 46181 | AF51: =AF$3 -> 46182 | AI51: =AI$3 -> 46183 | AL51: =AL$3 -> 46184 | AO51: =AO$3 -> 46185 | AR51: =AR$3 -> 46186 | AV51: =AV$3 -> 46188 | AY51: =AY$3 -> 46189 | BB51: =BB$3 -> 46190 | BE51: =BE$3 -> 46191 | BH51: =BH$3 -> 46192 | BK51: =BK$3 -> 46193 | BO51: =BO$3 -> 46195 | BR51: =BR$3 -> 46196 | BU51: =BU$3 -> 46197 | BX51: =BX$3 -> 46198 | CA51: =CA$3 -> 46199 | CD51: =CD$3 -> 46200 | CH51: =CH$3 -> 46202 | CK51: =CK$3 -> 46203 | CN51: =CN$3 -> 46204 | CQ51: =CQ$3 -> 46205 | CT51: =CT$3 -> 46206 | CW51: =CW$3 -> 46207 | DA51: =DA$3 -> 46209 | DD51: =DD$3 -> 46210 | DG51: =DG$3 -> 46211 | DJ51: =DJ$3 -> 46212 | DM51: =DM$3 -> 46213 | DP51: =DP$3 -> 46214
A52: =$A$42 -> Đỗ Minh Ngọc | B52: ='Bảng 3'!A258 -> 3.N.HCM.CGIO.KS.104 | C52: =IF($B52="","",INDEX('Bảng 3'!C:C,MATCH($B52,'Bảng 3'!$A:$A,0))) -> Quản lý BIM | D52: =IF($B52="","",INDEX('Bảng 3'!D:D,MATCH($B52,'Bảng 3'!$A:$A,0))) -> N.HCM.CGIO.KS | E52: =IF($B52="","",INDEX('Bảng 3'!E:E,MATCH($B52,'Bảng 3'!$A:$A,0))) -> Khách sạn Vinpearl A5.02.13 | F52: =IF($B52="","",INDEX('Bảng 3'!F:F,MATCH($B52,'Bảng 3'!$A:$A,0))) -> KT | G52: =IF($B52="","",INDEX('Bảng 3'!G:G,MATCH($B52,'Bảng 3'!$A:$A,0))) -> KSCL mô hình BIM | J52: =J$3 -> 46174 | M52: =M$3 -> 46175 | P52: =P$3 -> 46176 | S52: =S$3 -> 46177 | V52: =V$3 -> 46178 | Y52: =Y$3 -> 46179 | AC52: =AC$3 -> 46181 | AF52: =AF$3 -> 46182 | AI52: =AI$3 -> 46183 | AL52: =AL$3 -> 46184 | AO52: =AO$3 -> 46185 | AR52: =AR$3 -> 46186 | AV52: =AV$3 -> 46188 | AY52: =AY$3 -> 46189 | BB52: =BB$3 -> 46190 | BE52: =BE$3 -> 46191 | BH52: =BH$3 -> 46192 | BK52: =BK$3 -> 46193 | BO52: =BO$3 -> 46195 | BR52: =BR$3 -> 46196 | BU52: =BU$3 -> 46197 | BX52: =BX$3 -> 46198 | CA52: =CA$3 -> 46199 | CD52: =CD$3 -> 46200 | CH52: =CH$3 -> 46202 | CK52: =CK$3 -> 46203 | CN52: =CN$3 -> 46204 | CQ52: =CQ$3 -> 46205 | CT52: =CT$3 -> 46206 | CW52: =CW$3 -> 46207 | DA52: =DA$3 -> 46209 | DD52: =DD$3 -> 46210 | DG52: =DG$3 -> 46211 | DJ52: =DJ$3 -> 46212 | DM52: =DM$3 -> 46213 | DP52: =DP$3 -> 46214
A53: =$A$42 -> Đỗ Minh Ngọc | B53: ='Bảng 3'!A259 -> 3.N.HCM.CGIO.KS.204 | C53: =IF($B53="","",INDEX('Bảng 3'!C:C,MATCH($B53,'Bảng 3'!$A:$A,0))) -> Quản lý BIM | D53: =IF($B53="","",INDEX('Bảng 3'!D:D,MATCH($B53,'Bảng 3'!$A:$A,0))) -> N.HCM.CGIO.KS | E53: =IF($B53="","",INDEX('Bảng 3'!E:E,MATCH($B53,'Bảng 3'!$A:$A,0))) -> Khách sạn Vinpearl A5.02.13 | F53: =IF($B53="","",INDEX('Bảng 3'!F:F,MATCH($B53,'Bảng 3'!$A:$A,0))) -> KC | G53: =IF($B53="","",INDEX('Bảng 3'!G:G,MATCH($B53,'Bảng 3'!$A:$A,0))) -> KSCL mô hình BIM | J53: =J$3 -> 46174 | M53: =M$3 -> 46175 | P53: =P$3 -> 46176 | S53: =S$3 -> 46177 | V53: =V$3 -> 46178 | Y53: =Y$3 -> 46179 | AC53: =AC$3 -> 46181 | AF53: =AF$3 -> 46182 | AI53: =AI$3 -> 46183 | AL53: =AL$3 -> 46184 | AO53: =AO$3 -> 46185 | AR53: =AR$3 -> 46186 | AV53: =AV$3 -> 46188 | AY53: =AY$3 -> 46189 | BB53: =BB$3 -> 46190 | BE53: =BE$3 -> 46191 | BH53: =BH$3 -> 46192 | BK53: =BK$3 -> 46193 | BO53: =BO$3 -> 46195 | BR53: =BR$3 -> 46196 | BU53: =BU$3 -> 46197 | BX53: =BX$3 -> 46198 | CA53: =CA$3 -> 46199 | CD53: =CD$3 -> 46200 | CH53: =CH$3 -> 46202 | CK53: =CK$3 -> 46203 | CN53: =CN$3 -> 46204 | CQ53: =CQ$3 -> 46205 | CT53: =CT$3 -> 46206 | CW53: =CW$3 -> 46207 | DA53: =DA$3 -> 46209 | DD53: =DD$3 -> 46210 | DG53: =DG$3 -> 46211 | DJ53: =DJ$3 -> 46212 | DM53: =DM$3 -> 46213 | DP53: =DP$3 -> 46214
A54: =$A$42 -> Đỗ Minh Ngọc | B54: ='Bảng 3'!A267 -> 3.N.HCM.CGIO.KSMN.101 | C54: =IF($B54="","",INDEX('Bảng 3'!C:C,MATCH($B54,'Bảng 3'!$A:$A,0))) -> Quản lý BIM | D54: =IF($B54="","",INDEX('Bảng 3'!D:D,MATCH($B54,'Bảng 3'!$A:$A,0))) -> N.HCM.CGIO.KSMN | E54: =IF($B54="","",INDEX('Bảng 3'!E:E,MATCH($B54,'Bảng 3'!$A:$A,0))) -> Lô A5.01.01, mẫu M1G, M7, M8G | F54: =IF($B54="","",INDEX('Bảng 3'!F:F,MATCH($B54,'Bảng 3'!$A:$A,0))) -> KT | G54: =IF($B54="","",INDEX('Bảng 3'!G:G,MATCH($B54,'Bảng 3'!$A:$A,0))) -> KSCL mô hình BIM | J54: =J$3 -> 46174 | M54: =M$3 -> 46175 | P54: =P$3 -> 46176 | S54: =S$3 -> 46177 | V54: =V$3 -> 46178 | Y54: =Y$3 -> 46179 | AC54: =AC$3 -> 46181 | AF54: =AF$3 -> 46182 | AI54: =AI$3 -> 46183 | AL54: =AL$3 -> 46184 | AO54: =AO$3 -> 46185 | AR54: =AR$3 -> 46186 | AV54: =AV$3 -> 46188 | AY54: =AY$3 -> 46189 | BB54: =BB$3 -> 46190 | BE54: =BE$3 -> 46191 | BH54: =BH$3 -> 46192 | BK54: =BK$3 -> 46193 | BO54: =BO$3 -> 46195 | BR54: =BR$3 -> 46196 | BU54: =BU$3 -> 46197 | BX54: =BX$3 -> 46198 | CA54: =CA$3 -> 46199 | CD54: =CD$3 -> 46200 | CH54: =CH$3 -> 46202 | CK54: =CK$3 -> 46203 | CN54: =CN$3 -> 46204 | CQ54: =CQ$3 -> 46205 | CT54: =CT$3 -> 46206 | CW54: =CW$3 -> 46207 | DA54: =DA$3 -> 46209 | DD54: =DD$3 -> 46210 | DG54: =DG$3 -> 46211 | DJ54: =DJ$3 -> 46212 | DM54: =DM$3 -> 46213 | DP54: =DP$3 -> 46214
A55: =$A$42 -> Đỗ Minh Ngọc | B55: ='Bảng 3'!A268 -> 3.N.HCM.CGIO.KSMN.102 | C55: =IF($B55="","",INDEX('Bảng 3'!C:C,MATCH($B55,'Bảng 3'!$A:$A,0))) -> Quản lý BIM | D55: =IF($B55="","",INDEX('Bảng 3'!D:D,MATCH($B55,'Bảng 3'!$A:$A,0))) -> N.HCM.CGIO.KSMN | E55: =IF($B55="","",INDEX('Bảng 3'!E:E,MATCH($B55,'Bảng 3'!$A:$A,0))) -> Lô A5.01.01, mẫu M1G, M7, M8G | F55: =IF($B55="","",INDEX('Bảng 3'!F:F,MATCH($B55,'Bảng 3'!$A:$A,0))) -> KT | G55: =IF($B55="","",INDEX('Bảng 3'!G:G,MATCH($B55,'Bảng 3'!$A:$A,0))) -> Tạo lập mô hình BIM | J55: =J$3 -> 46174 | M55: =M$3 -> 46175 | P55: =P$3 -> 46176 | S55: =S$3 -> 46177 | V55: =V$3 -> 46178 | Y55: =Y$3 -> 46179 | AC55: =AC$3 -> 46181 | AF55: =AF$3 -> 46182 | AI55: =AI$3 -> 46183 | AL55: =AL$3 -> 46184 | AO55: =AO$3 -> 46185 | AR55: =AR$3 -> 46186 | AV55: =AV$3 -> 46188 | AY55: =AY$3 -> 46189 | BB55: =BB$3 -> 46190 | BE55: =BE$3 -> 46191 | BH55: =BH$3 -> 46192 | BK55: =BK$3 -> 46193 | BO55: =BO$3 -> 46195 | BR55: =BR$3 -> 46196 | BU55: =BU$3 -> 46197 | BX55: =BX$3 -> 46198 | CA55: =CA$3 -> 46199 | CD55: =CD$3 -> 46200 | CH55: =CH$3 -> 46202 | CK55: =CK$3 -> 46203 | CN55: =CN$3 -> 46204 | CQ55: =CQ$3 -> 46205 | CT55: =CT$3 -> 46206 | CW55: =CW$3 -> 46207 | DA55: =DA$3 -> 46209 | DD55: =DD$3 -> 46210 | DG55: =DG$3 -> 46211 | DJ55: =DJ$3 -> 46212 | DM55: =DM$3 -> 46213 | DP55: =DP$3 -> 46214
A56: =$A$42 -> Đỗ Minh Ngọc | B56: ='Bảng 3'!A269 -> 3.N.HCM.CGIO.KSMN.201 | C56: =IF($B56="","",INDEX('Bảng 3'!C:C,MATCH($B56,'Bảng 3'!$A:$A,0))) -> Quản lý BIM | D56: =IF($B56="","",INDEX('Bảng 3'!D:D,MATCH($B56,'Bảng 3'!$A:$A,0))) -> N.HCM.CGIO.KSMN | E56: =IF($B56="","",INDEX('Bảng 3'!E:E,MATCH($B56,'Bảng 3'!$A:$A,0))) -> Lô A5.01.01, mẫu M1G, M7, M8G | F56: =IF($B56="","",INDEX('Bảng 3'!F:F,MATCH($B56,'Bảng 3'!$A:$A,0))) -> KC | G56: =IF($B56="","",INDEX('Bảng 3'!G:G,MATCH($B56,'Bảng 3'!$A:$A,0))) -> KSCL mô hình BIM | J56: =J$3 -> 46174 | M56: =M$3 -> 46175 | P56: =P$3 -> 46176 | S56: =S$3 -> 46177 | V56: =V$3 -> 46178 | Y56: =Y$3 -> 46179 | AC56: =AC$3 -> 46181 | AF56: =AF$3 -> 46182 | AI56: =AI$3 -> 46183 | AL56: =AL$3 -> 46184 | AO56: =AO$3 -> 46185 | AR56: =AR$3 -> 46186 | AV56: =AV$3 -> 46188 | AY56: =AY$3 -> 46189 | BB56: =BB$3 -> 46190 | BE56: =BE$3 -> 46191 | BH56: =BH$3 -> 46192 | BK56: =BK$3 -> 46193 | BO56: =BO$3 -> 46195 | BR56: =BR$3 -> 46196 | BU56: =BU$3 -> 46197 | BX56: =BX$3 -> 46198 | CA56: =CA$3 -> 46199 | CD56: =CD$3 -> 46200 | CH56: =CH$3 -> 46202 | CK56: =CK$3 -> 46203 | CN56: =CN$3 -> 46204 | CQ56: =CQ$3 -> 46205 | CT56: =CT$3 -> 46206 | CW56: =CW$3 -> 46207 | DA56: =DA$3 -> 46209 | DD56: =DD$3 -> 46210 | DG56: =DG$3 -> 46211 | DJ56: =DJ$3 -> 46212 | DM56: =DM$3 -> 46213 | DP56: =DP$3 -> 46214
A57: =$A$42 -> Đỗ Minh Ngọc | B57: ='Bảng 3'!A283 -> 3.N.HCM.CGIO.KSMN.105 | C57: =IF($B57="","",INDEX('Bảng 3'!C:C,MATCH($B57,'Bảng 3'!$A:$A,0))) -> Quản lý BIM | D57: =IF($B57="","",INDEX('Bảng 3'!D:D,MATCH($B57,'Bảng 3'!$A:$A,0))) -> N.HCM.CGIO.KSMN | E57: =IF($B57="","",INDEX('Bảng 3'!E:E,MATCH($B57,'Bảng 3'!$A:$A,0))) -> Lô A5.01.04, mẫu M2, M2G, M5, M5G | F57: =IF($B57="","",INDEX('Bảng 3'!F:F,MATCH($B57,'Bảng 3'!$A:$A,0))) -> KT | G57: =IF($B57="","",INDEX('Bảng 3'!G:G,MATCH($B57,'Bảng 3'!$A:$A,0))) -> KSCL mô hình BIM | J57: =J$3 -> 46174 | M57: =M$3 -> 46175 | P57: =P$3 -> 46176 | S57: =S$3 -> 46177 | V57: =V$3 -> 46178 | Y57: =Y$3 -> 46179 | AC57: =AC$3 -> 46181 | AF57: =AF$3 -> 46182 | AI57: =AI$3 -> 46183 | AL57: =AL$3 -> 46184 | AO57: =AO$3 -> 46185 | AR57: =AR$3 -> 46186 | AV57: =AV$3 -> 46188 | AY57: =AY$3 -> 46189 | BB57: =BB$3 -> 46190 | BE57: =BE$3 -> 46191 | BH57: =BH$3 -> 46192 | BK57: =BK$3 -> 46193 | BO57: =BO$3 -> 46195 | BR57: =BR$3 -> 46196 | BU57: =BU$3 -> 46197 | BX57: =BX$3 -> 46198 | CA57: =CA$3 -> 46199 | CD57: =CD$3 -> 46200 | CH57: =CH$3 -> 46202 | CK57: =CK$3 -> 46203 | CN57: =CN$3 -> 46204 | CQ57: =CQ$3 -> 46205 | CT57: =CT$3 -> 46206 | CW57: =CW$3 -> 46207 | DA57: =DA$3 -> 46209 | DD57: =DD$3 -> 46210 | DG57: =DG$3 -> 46211 | DJ57: =DJ$3 -> 46212 | DM57: =DM$3 -> 46213 | DP57: =DP$3 -> 46214
A58: =$A$42 -> Đỗ Minh Ngọc | B58: ='Bảng 3'!A284 -> 3.N.HCM.CGIO.KSMN.106 | C58: =IF($B58="","",INDEX('Bảng 3'!C:C,MATCH($B58,'Bảng 3'!$A:$A,0))) -> Quản lý BIM | D58: =IF($B58="","",INDEX('Bảng 3'!D:D,MATCH($B58,'Bảng 3'!$A:$A,0))) -> N.HCM.CGIO.KSMN | E58: =IF($B58="","",INDEX('Bảng 3'!E:E,MATCH($B58,'Bảng 3'!$A:$A,0))) -> Lô A5.01.04, mẫu M2, M2G, M5, M5G | F58: =IF($B58="","",INDEX('Bảng 3'!F:F,MATCH($B58,'Bảng 3'!$A:$A,0))) -> KT | G58: =IF($B58="","",INDEX('Bảng 3'!G:G,MATCH($B58,'Bảng 3'!$A:$A,0))) -> Tạo lập mô hình BIM | J58: =J$3 -> 46174 | M58: =M$3 -> 46175 | P58: =P$3 -> 46176 | S58: =S$3 -> 46177 | V58: =V$3 -> 46178 | Y58: =Y$3 -> 46179 | AC58: =AC$3 -> 46181 | AF58: =AF$3 -> 46182 | AI58: =AI$3 -> 46183 | AL58: =AL$3 -> 46184 | AO58: =AO$3 -> 46185 | AR58: =AR$3 -> 46186 | AV58: =AV$3 -> 46188 | AY58: =AY$3 -> 46189 | BB58: =BB$3 -> 46190 | BE58: =BE$3 -> 46191 | BH58: =BH$3 -> 46192 | BK58: =BK$3 -> 46193 | BO58: =BO$3 -> 46195 | BR58: =BR$3 -> 46196 | BU58: =BU$3 -> 46197 | BX58: =BX$3 -> 46198 | CA58: =CA$3 -> 46199 | CD58: =CD$3 -> 46200 | CH58: =CH$3 -> 46202 | CK58: =CK$3 -> 46203 | CN58: =CN$3 -> 46204 | CQ58: =CQ$3 -> 46205 | CT58: =CT$3 -> 46206 | CW58: =CW$3 -> 46207 | DA58: =DA$3 -> 46209 | DD58: =DD$3 -> 46210 | DG58: =DG$3 -> 46211 | DJ58: =DJ$3 -> 46212 | DM58: =DM$3 -> 46213 | DP58: =DP$3 -> 46214
A59: =$A$42 -> Đỗ Minh Ngọc | B59: ='Bảng 3'!A285 -> 3.N.HCM.CGIO.KSMN.203 | C59: =IF($B59="","",INDEX('Bảng 3'!C:C,MATCH($B59,'Bảng 3'!$A:$A,0))) -> Quản lý BIM | D59: =IF($B59="","",INDEX('Bảng 3'!D:D,MATCH($B59,'Bảng 3'!$A:$A,0))) -> N.HCM.CGIO.KSMN | E59: =IF($B59="","",INDEX('Bảng 3'!E:E,MATCH($B59,'Bảng 3'!$A:$A,0))) -> Lô A5.01.04, mẫu M2, M2G, M5, M5G | F59: =IF($B59="","",INDEX('Bảng 3'!F:F,MATCH($B59,'Bảng 3'!$A:$A,0))) -> KC | G59: =IF($B59="","",INDEX('Bảng 3'!G:G,MATCH($B59,'Bảng 3'!$A:$A,0))) -> KSCL mô hình BIM | J59: =J$3 -> 46174 | M59: =M$3 -> 46175 | P59: =P$3 -> 46176 | S59: =S$3 -> 46177 | V59: =V$3 -> 46178 | Y59: =Y$3 -> 46179 | AC59: =AC$3 -> 46181 | AF59: =AF$3 -> 46182 | AI59: =AI$3 -> 46183 | AL59: =AL$3 -> 46184 | AO59: =AO$3 -> 46185 | AR59: =AR$3 -> 46186 | AV59: =AV$3 -> 46188 | AY59: =AY$3 -> 46189 | BB59: =BB$3 -> 46190 | BE59: =BE$3 -> 46191 | BH59: =BH$3 -> 46192 | BK59: =BK$3 -> 46193 | BO59: =BO$3 -> 46195 | BR59: =BR$3 -> 46196 | BU59: =BU$3 -> 46197 | BX59: =BX$3 -> 46198 | CA59: =CA$3 -> 46199 | CD59: =CD$3 -> 46200 | CH59: =CH$3 -> 46202 | CK59: =CK$3 -> 46203 | CN59: =CN$3 -> 46204 | CQ59: =CQ$3 -> 46205 | CT59: =CT$3 -> 46206 | CW59: =CW$3 -> 46207 | DA59: =DA$3 -> 46209 | DD59: =DD$3 -> 46210 | DG59: =DG$3 -> 46211 | DJ59: =DJ$3 -> 46212 | DM59: =DM$3 -> 46213 | DP59: =DP$3 -> 46214
A60: =$A$42 -> Đỗ Minh Ngọc | B60: ='Bảng 3'!A291 -> 3.N.HCM.CGIO.NTD.101 | C60: =IF($B60="","",INDEX('Bảng 3'!C:C,MATCH($B60,'Bảng 3'!$A:$A,0))) -> Quản lý BIM | D60: =IF($B60="","",INDEX('Bảng 3'!D:D,MATCH($B60,'Bảng 3'!$A:$A,0))) -> N.HCM.CGIO.NTD | E60: =IF($B60="","",INDEX('Bảng 3'!E:E,MATCH($B60,'Bảng 3'!$A:$A,0))) -> Nhà thi đấu lô B5.03.2 | F60: =IF($B60="","",INDEX('Bảng 3'!F:F,MATCH($B60,'Bảng 3'!$A:$A,0))) -> KT | G60: =IF($B60="","",INDEX('Bảng 3'!G:G,MATCH($B60,'Bảng 3'!$A:$A,0))) -> KSCL mô hình BIM | J60: =J$3 -> 46174 | K60: Check va chạm Navisworks KT với KC, xuất báo cáo va chạm Checklist kiểm soát chất lượng mô hình KT, xuất báo cáo KSCLMH | L60: 3 | M60: =M$3 -> 46175 | N60: Check va chạm Navisworks KT với KC, xuất báo cáo va chạm Checklist kiểm soát chất lượng mô hình KT, xuất báo cáo KSCLMH Gửi mail báo cáo KSCLMH lần 4 | O60: 2 | P60: =P$3 -> 46176 | S60: =S$3 -> 46177 | V60: =V$3 -> 46178 | Y60: =Y$3 -> 46179 | AC60: =AC$3 -> 46181 | AF60: =AF$3 -> 46182 | AI60: =AI$3 -> 46183 | AL60: =AL$3 -> 46184 | AO60: =AO$3 -> 46185 | AR60: =AR$3 -> 46186 | AV60: =AV$3 -> 46188 | AY60: =AY$3 -> 46189 | BB60: =BB$3 -> 46190 | BE60: =BE$3 -> 46191 | BH60: =BH$3 -> 46192 | BK60: =BK$3 -> 46193 | BO60: =BO$3 -> 46195 | BR60: =BR$3 -> 46196 | BU60: =BU$3 -> 46197 | BX60: =BX$3 -> 46198 | CA60: =CA$3 -> 46199 | CD60: =CD$3 -> 46200 | CH60: =CH$3 -> 46202 | CK60: =CK$3 -> 46203 | CN60: =CN$3 -> 46204 | CQ60: =CQ$3 -> 46205 | CT60: =CT$3 -> 46206 | CW60: =CW$3 -> 46207 | DA60: =DA$3 -> 46209 | DD60: =DD$3 -> 46210 | DG60: =DG$3 -> 46211 | DJ60: =DJ$3 -> 46212 | DM60: =DM$3 -> 46213 | DP60: =DP$3 -> 46214
A61: =$A$42 -> Đỗ Minh Ngọc | B61: ='Bảng 3'!A293 -> 3.N.HCM.CGIO.NTD.201 | C61: =IF($B61="","",INDEX('Bảng 3'!C:C,MATCH($B61,'Bảng 3'!$A:$A,0))) -> Quản lý BIM | D61: =IF($B61="","",INDEX('Bảng 3'!D:D,MATCH($B61,'Bảng 3'!$A:$A,0))) -> N.HCM.CGIO.NTD | E61: =IF($B61="","",INDEX('Bảng 3'!E:E,MATCH($B61,'Bảng 3'!$A:$A,0))) -> Nhà thi đấu lô B5.03.2 | F61: =IF($B61="","",INDEX('Bảng 3'!F:F,MATCH($B61,'Bảng 3'!$A:$A,0))) -> KC | G61: =IF($B61="","",INDEX('Bảng 3'!G:G,MATCH($B61,'Bảng 3'!$A:$A,0))) -> KSCL mô hình BIM | J61: =J$3 -> 46174 | K61: Check va chạm Navisworks KT với KC, xuất báo cáo va chạm Checklist kiểm soát chất lượng mô hình KC, xuất báo cáo KSCLMH | L61: 4 | M61: =M$3 -> 46175 | P61: =P$3 -> 46176 | S61: =S$3 -> 46177 | V61: =V$3 -> 46178 | Y61: =Y$3 -> 46179 | AC61: =AC$3 -> 46181 | AF61: =AF$3 -> 46182 | AI61: =AI$3 -> 46183 | AL61: =AL$3 -> 46184 | AO61: =AO$3 -> 46185 | AR61: =AR$3 -> 46186 | AV61: =AV$3 -> 46188 | AY61: =AY$3 -> 46189 | BB61: =BB$3 -> 46190 | BE61: =BE$3 -> 46191 | BH61: =BH$3 -> 46192 | BK61: =BK$3 -> 46193 | BO61: =BO$3 -> 46195 | BR61: =BR$3 -> 46196 | BU61: =BU$3 -> 46197 | BX61: =BX$3 -> 46198 | CA61: =CA$3 -> 46199 | CD61: =CD$3 -> 46200 | CH61: =CH$3 -> 46202 | CK61: =CK$3 -> 46203 | CN61: =CN$3 -> 46204 | CQ61: =CQ$3 -> 46205 | CT61: =CT$3 -> 46206 | CW61: =CW$3 -> 46207 | DA61: =DA$3 -> 46209 | DD61: =DD$3 -> 46210 | DG61: =DG$3 -> 46211 | DJ61: =DJ$3 -> 46212 | DM61: =DM$3 -> 46213 | DP61: =DP$3 -> 46214
A62: =$A$42 -> Đỗ Minh Ngọc | B62: ='Bảng 3'!A365 -> 3.T.KHO.VPNT.KSMN.101 | C62: =IF($B62="","",INDEX('Bảng 3'!C:C,MATCH($B62,'Bảng 3'!$A:$A,0))) -> Quản lý BIM | D62: =IF($B62="","",INDEX('Bảng 3'!D:D,MATCH($B62,'Bảng 3'!$A:$A,0))) -> T.KHO.VPNT.KSMN | E62: =IF($B62="","",INDEX('Bảng 3'!E:E,MATCH($B62,'Bảng 3'!$A:$A,0))) -> Mẫu M1 | F62: =IF($B62="","",INDEX('Bảng 3'!F:F,MATCH($B62,'Bảng 3'!$A:$A,0))) -> KT | G62: =IF($B62="","",INDEX('Bảng 3'!G:G,MATCH($B62,'Bảng 3'!$A:$A,0))) -> KSCL mô hình BIM | J62: =J$3 -> 46174 | M62: =M$3 -> 46175 | P62: =P$3 -> 46176 | S62: =S$3 -> 46177 | V62: =V$3 -> 46178 | Y62: =Y$3 -> 46179 | AC62: =AC$3 -> 46181 | AF62: =AF$3 -> 46182 | AI62: =AI$3 -> 46183 | AL62: =AL$3 -> 46184 | AO62: =AO$3 -> 46185 | AR62: =AR$3 -> 46186 | AV62: =AV$3 -> 46188 | AY62: =AY$3 -> 46189 | BB62: =BB$3 -> 46190 | BE62: =BE$3 -> 46191 | BH62: =BH$3 -> 46192 | BK62: =BK$3 -> 46193 | BO62: =BO$3 -> 46195 | BR62: =BR$3 -> 46196 | BU62: =BU$3 -> 46197 | BX62: =BX$3 -> 46198 | CA62: =CA$3 -> 46199 | CD62: =CD$3 -> 46200 | CH62: =CH$3 -> 46202 | CK62: =CK$3 -> 46203 | CN62: =CN$3 -> 46204 | CQ62: =CQ$3 -> 46205 | CT62: =CT$3 -> 46206 | CW62: =CW$3 -> 46207 | DA62: =DA$3 -> 46209 | DD62: =DD$3 -> 46210 | DG62: =DG$3 -> 46211 | DJ62: =DJ$3 -> 46212 | DM62: =DM$3 -> 46213 | DP62: =DP$3 -> 46214
A63: =$A$42 -> Đỗ Minh Ngọc | B63: ='Bảng 3'!A366 -> 3.T.KHO.VPNT.KSMN.102 | C63: =IF($B63="","",INDEX('Bảng 3'!C:C,MATCH($B63,'Bảng 3'!$A:$A,0))) -> Quản lý BIM | D63: =IF($B63="","",INDEX('Bảng 3'!D:D,MATCH($B63,'Bảng 3'!$A:$A,0))) -> T.KHO.VPNT.KSMN | E63: =IF($B63="","",INDEX('Bảng 3'!E:E,MATCH($B63,'Bảng 3'!$A:$A,0))) -> Mẫu M1 | F63: =IF($B63="","",INDEX('Bảng 3'!F:F,MATCH($B63,'Bảng 3'!$A:$A,0))) -> KT | G63: =IF($B63="","",INDEX('Bảng 3'!G:G,MATCH($B63,'Bảng 3'!$A:$A,0))) -> Tạo lập mô hình BIM | J63: =J$3 -> 46174 | M63: =M$3 -> 46175 | P63: =P$3 -> 46176 | S63: =S$3 -> 46177 | V63: =V$3 -> 46178 | Y63: =Y$3 -> 46179 | AC63: =AC$3 -> 46181 | AF63: =AF$3 -> 46182 | AI63: =AI$3 -> 46183 | AL63: =AL$3 -> 46184 | AO63: =AO$3 -> 46185 | AR63: =AR$3 -> 46186 | AV63: =AV$3 -> 46188 | AY63: =AY$3 -> 46189 | BB63: =BB$3 -> 46190 | BE63: =BE$3 -> 46191 | BH63: =BH$3 -> 46192 | BK63: =BK$3 -> 46193 | BO63: =BO$3 -> 46195 | BR63: =BR$3 -> 46196 | BU63: =BU$3 -> 46197 | BX63: =BX$3 -> 46198 | CA63: =CA$3 -> 46199 | CD63: =CD$3 -> 46200 | CH63: =CH$3 -> 46202 | CK63: =CK$3 -> 46203 | CN63: =CN$3 -> 46204 | CQ63: =CQ$3 -> 46205 | CT63: =CT$3 -> 46206 | CW63: =CW$3 -> 46207 | DA63: =DA$3 -> 46209 | DD63: =DD$3 -> 46210 | DG63: =DG$3 -> 46211 | DJ63: =DJ$3 -> 46212 | DM63: =DM$3 -> 46213 | DP63: =DP$3 -> 46214
A64: =$A$42 -> Đỗ Minh Ngọc | B64: ='Bảng 3'!A367 -> 3.T.KHO.VPNT.KSMN.201 | C64: =IF($B64="","",INDEX('Bảng 3'!C:C,MATCH($B64,'Bảng 3'!$A:$A,0))) -> Quản lý BIM | D64: =IF($B64="","",INDEX('Bảng 3'!D:D,MATCH($B64,'Bảng 3'!$A:$A,0))) -> T.KHO.VPNT.KSMN | E64: =IF($B64="","",INDEX('Bảng 3'!E:E,MATCH($B64,'Bảng 3'!$A:$A,0))) -> Mẫu M1 | F64: =IF($B64="","",INDEX('Bảng 3'!F:F,MATCH($B64,'Bảng 3'!$A:$A,0))) -> KC | G64: =IF($B64="","",INDEX('Bảng 3'!G:G,MATCH($B64,'Bảng 3'!$A:$A,0))) -> KSCL mô hình BIM | J64: =J$3 -> 46174 | M64: =M$3 -> 46175 | P64: =P$3 -> 46176 | S64: =S$3 -> 46177 | V64: =V$3 -> 46178 | Y64: =Y$3 -> 46179 | AC64: =AC$3 -> 46181 | AF64: =AF$3 -> 46182 | AI64: =AI$3 -> 46183 | AL64: =AL$3 -> 46184 | AO64: =AO$3 -> 46185 | AR64: =AR$3 -> 46186 | AV64: =AV$3 -> 46188 | AY64: =AY$3 -> 46189 | BB64: =BB$3 -> 46190 | BE64: =BE$3 -> 46191 | BH64: =BH$3 -> 46192 | BK64: =BK$3 -> 46193 | BO64: =BO$3 -> 46195 | BR64: =BR$3 -> 46196 | BU64: =BU$3 -> 46197 | BX64: =BX$3 -> 46198 | CA64: =CA$3 -> 46199 | CD64: =CD$3 -> 46200 | CH64: =CH$3 -> 46202 | CK64: =CK$3 -> 46203 | CN64: =CN$3 -> 46204 | CQ64: =CQ$3 -> 46205 | CT64: =CT$3 -> 46206 | CW64: =CW$3 -> 46207 | DA64: =DA$3 -> 46209 | DD64: =DD$3 -> 46210 | DG64: =DG$3 -> 46211 | DJ64: =DJ$3 -> 46212 | DM64: =DM$3 -> 46213 | DP64: =DP$3 -> 46214
A65: =$A$42 -> Đỗ Minh Ngọc | B65: ='Bảng 3'!A43 -> 3.B.DSHNQN.STA.105 | C65: =IF($B65="","",INDEX('Bảng 3'!C:C,MATCH($B65,'Bảng 3'!$A:$A,0))) -> Quản lý BIM | D65: =IF($B65="","",INDEX('Bảng 3'!D:D,MATCH($B65,'Bảng 3'!$A:$A,0))) -> B.DSHNQN.STA | E65: =IF($B65="","",INDEX('Bảng 3'!E:E,MATCH($B65,'Bảng 3'!$A:$A,0))) -> Nhà ga Yên Tử | F65: =IF($B65="","",INDEX('Bảng 3'!F:F,MATCH($B65,'Bảng 3'!$A:$A,0))) -> KT | G65: =IF($B65="","",INDEX('Bảng 3'!G:G,MATCH($B65,'Bảng 3'!$A:$A,0))) -> Tạo lập mô hình BIM | J65: =J$3 -> 46174 | M65: =M$3 -> 46175 | P65: =P$3 -> 46176 | S65: =S$3 -> 46177 | V65: =V$3 -> 46178 | Y65: =Y$3 -> 46179 | AC65: =AC$3 -> 46181 | AF65: =AF$3 -> 46182 | AI65: =AI$3 -> 46183 | AL65: =AL$3 -> 46184 | AO65: =AO$3 -> 46185 | AR65: =AR$3 -> 46186 | AV65: =AV$3 -> 46188 | AY65: =AY$3 -> 46189 | BB65: =BB$3 -> 46190 | BE65: =BE$3 -> 46191 | BH65: =BH$3 -> 46192 | BK65: =BK$3 -> 46193 | BO65: =BO$3 -> 46195 | BR65: =BR$3 -> 46196 | BU65: =BU$3 -> 46197 | BX65: =BX$3 -> 46198 | CA65: =CA$3 -> 46199 | CD65: =CD$3 -> 46200 | CH65: =CH$3 -> 46202 | CK65: =CK$3 -> 46203 | CN65: =CN$3 -> 46204 | CQ65: =CQ$3 -> 46205 | CT65: =CT$3 -> 46206 | CW65: =CW$3 -> 46207 | DA65: =DA$3 -> 46209 | DD65: =DD$3 -> 46210 | DG65: =DG$3 -> 46211 | DJ65: =DJ$3 -> 46212 | DM65: =DM$3 -> 46213 | DP65: =DP$3 -> 46214
A66: =$A$42 -> Đỗ Minh Ngọc | B66: ='Bảng 3'!A44 -> 3.B.DSHNQN.STA.203 | C66: =IF($B66="","",INDEX('Bảng 3'!C:C,MATCH($B66,'Bảng 3'!$A:$A,0))) -> Quản lý BIM | D66: =IF($B66="","",INDEX('Bảng 3'!D:D,MATCH($B66,'Bảng 3'!$A:$A,0))) -> B.DSHNQN.STA | E66: =IF($B66="","",INDEX('Bảng 3'!E:E,MATCH($B66,'Bảng 3'!$A:$A,0))) -> Nhà ga Yên Tử | F66: =IF($B66="","",INDEX('Bảng 3'!F:F,MATCH($B66,'Bảng 3'!$A:$A,0))) -> KC | G66: =IF($B66="","",INDEX('Bảng 3'!G:G,MATCH($B66,'Bảng 3'!$A:$A,0))) -> KSCL mô hình BIM | J66: =J$3 -> 46174 | M66: =M$3 -> 46175 | P66: =P$3 -> 46176 | S66: =S$3 -> 46177 | V66: =V$3 -> 46178 | Y66: =Y$3 -> 46179 | AC66: =AC$3 -> 46181 | AF66: =AF$3 -> 46182 | AI66: =AI$3 -> 46183 | AL66: =AL$3 -> 46184 | AO66: =AO$3 -> 46185 | AR66: =AR$3 -> 46186 | AV66: =AV$3 -> 46188 | AY66: =AY$3 -> 46189 | BB66: =BB$3 -> 46190 | BE66: =BE$3 -> 46191 | BH66: =BH$3 -> 46192 | BK66: =BK$3 -> 46193 | BO66: =BO$3 -> 46195 | BR66: =BR$3 -> 46196 | BU66: =BU$3 -> 46197 | BX66: =BX$3 -> 46198 | CA66: =CA$3 -> 46199 | CD66: =CD$3 -> 46200 | CH66: =CH$3 -> 46202 | CK66: =CK$3 -> 46203 | CN66: =CN$3 -> 46204 | CQ66: =CQ$3 -> 46205 | CT66: =CT$3 -> 46206 | CW66: =CW$3 -> 46207 | DA66: =DA$3 -> 46209 | DD66: =DD$3 -> 46210 | DG66: =DG$3 -> 46211 | DJ66: =DJ$3 -> 46212 | DM66: =DM$3 -> 46213 | DP66: =DP$3 -> 46214
A67: =$A$42 -> Đỗ Minh Ngọc | B67: ='Bảng 3'!A223 -> 3.N.DSHCMCG.STA.101 | C67: =IF($B67="","",INDEX('Bảng 3'!C:C,MATCH($B67,'Bảng 3'!$A:$A,0))) -> Quản lý BIM | D67: =IF($B67="","",INDEX('Bảng 3'!D:D,MATCH($B67,'Bảng 3'!$A:$A,0))) -> N.DSHCMCG.STA | E67: =IF($B67="","",INDEX('Bảng 3'!E:E,MATCH($B67,'Bảng 3'!$A:$A,0))) -> Nhà Ga Bến Thành | F67: =IF($B67="","",INDEX('Bảng 3'!F:F,MATCH($B67,'Bảng 3'!$A:$A,0))) -> KT | G67: =IF($B67="","",INDEX('Bảng 3'!G:G,MATCH($B67,'Bảng 3'!$A:$A,0))) -> Tạo lập mô hình BIM | J67: =J$3 -> 46174 | M67: =M$3 -> 46175 | P67: =P$3 -> 46176 | S67: =S$3 -> 46177 | V67: =V$3 -> 46178 | Y67: =Y$3 -> 46179 | AC67: =AC$3 -> 46181 | AF67: =AF$3 -> 46182 | AI67: =AI$3 -> 46183 | AL67: =AL$3 -> 46184 | AO67: =AO$3 -> 46185 | AR67: =AR$3 -> 46186 | AV67: =AV$3 -> 46188 | AY67: =AY$3 -> 46189 | BB67: =BB$3 -> 46190 | BE67: =BE$3 -> 46191 | BH67: =BH$3 -> 46192 | BK67: =BK$3 -> 46193 | BO67: =BO$3 -> 46195 | BR67: =BR$3 -> 46196 | BU67: =BU$3 -> 46197 | BX67: =BX$3 -> 46198 | CA67: =CA$3 -> 46199 | CD67: =CD$3 -> 46200 | CH67: =CH$3 -> 46202 | CK67: =CK$3 -> 46203 | CN67: =CN$3 -> 46204 | CQ67: =CQ$3 -> 46205 | CT67: =CT$3 -> 46206 | CW67: =CW$3 -> 46207 | DA67: =DA$3 -> 46209 | DD67: =DD$3 -> 46210 | DG67: =DG$3 -> 46211 | DJ67: =DJ$3 -> 46212 | DM67: =DM$3 -> 46213 | DP67: =DP$3 -> 46214
A68: =$A$42 -> Đỗ Minh Ngọc | B68: ='Bảng 3'!A224 -> 3.N.DSHCMCG.STA.201 | C68: =IF($B68="","",INDEX('Bảng 3'!C:C,MATCH($B68,'Bảng 3'!$A:$A,0))) -> Quản lý BIM | D68: =IF($B68="","",INDEX('Bảng 3'!D:D,MATCH($B68,'Bảng 3'!$A:$A,0))) -> N.DSHCMCG.STA | E68: =IF($B68="","",INDEX('Bảng 3'!E:E,MATCH($B68,'Bảng 3'!$A:$A,0))) -> Nhà Ga Bến Thành | F68: =IF($B68="","",INDEX('Bảng 3'!F:F,MATCH($B68,'Bảng 3'!$A:$A,0))) -> KC | G68: =IF($B68="","",INDEX('Bảng 3'!G:G,MATCH($B68,'Bảng 3'!$A:$A,0))) -> KSCL mô hình BIM | J68: =J$3 -> 46174 | M68: =M$3 -> 46175 | P68: =P$3 -> 46176 | S68: =S$3 -> 46177 | V68: =V$3 -> 46178 | Y68: =Y$3 -> 46179 | AC68: =AC$3 -> 46181 | AF68: =AF$3 -> 46182 | AI68: =AI$3 -> 46183 | AL68: =AL$3 -> 46184 | AO68: =AO$3 -> 46185 | AR68: =AR$3 -> 46186 | AV68: =AV$3 -> 46188 | AY68: =AY$3 -> 46189 | BB68: =BB$3 -> 46190 | BE68: =BE$3 -> 46191 | BH68: =BH$3 -> 46192 | BK68: =BK$3 -> 46193 | BO68: =BO$3 -> 46195 | BR68: =BR$3 -> 46196 | BU68: =BU$3 -> 46197 | BX68: =BX$3 -> 46198 | CA68: =CA$3 -> 46199 | CD68: =CD$3 -> 46200 | CH68: =CH$3 -> 46202 | CK68: =CK$3 -> 46203 | CN68: =CN$3 -> 46204 | CQ68: =CQ$3 -> 46205 | CT68: =CT$3 -> 46206 | CW68: =CW$3 -> 46207 | DA68: =DA$3 -> 46209 | DD68: =DD$3 -> 46210 | DG68: =DG$3 -> 46211 | DJ68: =DJ$3 -> 46212 | DM68: =DM$3 -> 46213 | DP68: =DP$3 -> 46214
A69: =$A$42 -> Đỗ Minh Ngọc | B69: ='Bảng 3'!A237 -> 3.N.HCM.CGIO.KS.101 | C69: =IF($B69="","",INDEX('Bảng 3'!C:C,MATCH($B69,'Bảng 3'!$A:$A,0))) -> Quản lý BIM | D69: =IF($B69="","",INDEX('Bảng 3'!D:D,MATCH($B69,'Bảng 3'!$A:$A,0))) -> N.HCM.CGIO.KS | E69: =IF($B69="","",INDEX('Bảng 3'!E:E,MATCH($B69,'Bảng 3'!$A:$A,0))) -> Khách sạn Grand Hyatt - A3.24.04 | F69: =IF($B69="","",INDEX('Bảng 3'!F:F,MATCH($B69,'Bảng 3'!$A:$A,0))) -> KT | G69: =IF($B69="","",INDEX('Bảng 3'!G:G,MATCH($B69,'Bảng 3'!$A:$A,0))) -> Tạo lập mô hình BIM | J69: =J$3 -> 46174 | M69: =M$3 -> 46175 | P69: =P$3 -> 46176 | S69: =S$3 -> 46177 | V69: =V$3 -> 46178 | Y69: =Y$3 -> 46179 | AC69: =AC$3 -> 46181 | AF69: =AF$3 -> 46182 | AI69: =AI$3 -> 46183 | AL69: =AL$3 -> 46184 | AO69: =AO$3 -> 46185 | AR69: =AR$3 -> 46186 | AV69: =AV$3 -> 46188 | AY69: =AY$3 -> 46189 | BB69: =BB$3 -> 46190 | BE69: =BE$3 -> 46191 | BH69: =BH$3 -> 46192 | BK69: =BK$3 -> 46193 | BO69: =BO$3 -> 46195 | BR69: =BR$3 -> 46196 | BU69: =BU$3 -> 46197 | BX69: =BX$3 -> 46198 | CA69: =CA$3 -> 46199 | CD69: =CD$3 -> 46200 | CH69: =CH$3 -> 46202 | CK69: =CK$3 -> 46203 | CN69: =CN$3 -> 46204 | CQ69: =CQ$3 -> 46205 | CT69: =CT$3 -> 46206 | CW69: =CW$3 -> 46207 | DA69: =DA$3 -> 46209 | DD69: =DD$3 -> 46210 | DG69: =DG$3 -> 46211 | DJ69: =DJ$3 -> 46212 | DM69: =DM$3 -> 46213 | DP69: =DP$3 -> 46214
A70: =$A$42 -> Đỗ Minh Ngọc | B70: ='Bảng 3'!A238 -> 3.N.HCM.CGIO.KS.201 | C70: =IF($B70="","",INDEX('Bảng 3'!C:C,MATCH($B70,'Bảng 3'!$A:$A,0))) -> Quản lý BIM | D70: =IF($B70="","",INDEX('Bảng 3'!D:D,MATCH($B70,'Bảng 3'!$A:$A,0))) -> N.HCM.CGIO.KS | E70: =IF($B70="","",INDEX('Bảng 3'!E:E,MATCH($B70,'Bảng 3'!$A:$A,0))) -> Khách sạn Grand Hyatt - A3.24.04 | F70: =IF($B70="","",INDEX('Bảng 3'!F:F,MATCH($B70,'Bảng 3'!$A:$A,0))) -> KC | G70: =IF($B70="","",INDEX('Bảng 3'!G:G,MATCH($B70,'Bảng 3'!$A:$A,0))) -> Tạo lập mô hình BIM | J70: =J$3 -> 46174 | M70: =M$3 -> 46175 | P70: =P$3 -> 46176 | S70: =S$3 -> 46177 | V70: =V$3 -> 46178 | Y70: =Y$3 -> 46179 | AC70: =AC$3 -> 46181 | AF70: =AF$3 -> 46182 | AI70: =AI$3 -> 46183 | AL70: =AL$3 -> 46184 | AO70: =AO$3 -> 46185 | AR70: =AR$3 -> 46186 | AV70: =AV$3 -> 46188 | AY70: =AY$3 -> 46189 | BB70: =BB$3 -> 46190 | BE70: =BE$3 -> 46191 | BH70: =BH$3 -> 46192 | BK70: =BK$3 -> 46193 | BO70: =BO$3 -> 46195 | BR70: =BR$3 -> 46196 | BU70: =BU$3 -> 46197 | BX70: =BX$3 -> 46198 | CA70: =CA$3 -> 46199 | CD70: =CD$3 -> 46200 | CH70: =CH$3 -> 46202 | CK70: =CK$3 -> 46203 | CN70: =CN$3 -> 46204 | CQ70: =CQ$3 -> 46205 | CT70: =CT$3 -> 46206 | CW70: =CW$3 -> 46207 | DA70: =DA$3 -> 46209 | DD70: =DD$3 -> 46210 | DG70: =DG$3 -> 46211 | DJ70: =DJ$3 -> 46212 | DM70: =DM$3 -> 46213 | DP70: =DP$3 -> 46214
A71: =$A$42 -> Đỗ Minh Ngọc | B71: ='Bảng 3'!A251 -> 3.N.HCM.CGIO.KS.103 | C71: =IF($B71="","",INDEX('Bảng 3'!C:C,MATCH($B71,'Bảng 3'!$A:$A,0))) -> Quản lý BIM | D71: =IF($B71="","",INDEX('Bảng 3'!D:D,MATCH($B71,'Bảng 3'!$A:$A,0))) -> N.HCM.CGIO.KS | E71: =IF($B71="","",INDEX('Bảng 3'!E:E,MATCH($B71,'Bảng 3'!$A:$A,0))) -> Khách sạn Ritz Carlton - B5-06-10,11 | F71: =IF($B71="","",INDEX('Bảng 3'!F:F,MATCH($B71,'Bảng 3'!$A:$A,0))) -> KT | G71: =IF($B71="","",INDEX('Bảng 3'!G:G,MATCH($B71,'Bảng 3'!$A:$A,0))) -> Tạo lập mô hình BIM | J71: =J$3 -> 46174 | M71: =M$3 -> 46175 | P71: =P$3 -> 46176 | S71: =S$3 -> 46177 | V71: =V$3 -> 46178 | Y71: =Y$3 -> 46179 | AC71: =AC$3 -> 46181 | AF71: =AF$3 -> 46182 | AI71: =AI$3 -> 46183 | AL71: =AL$3 -> 46184 | AO71: =AO$3 -> 46185 | AR71: =AR$3 -> 46186 | AV71: =AV$3 -> 46188 | AY71: =AY$3 -> 46189 | BB71: =BB$3 -> 46190 | BE71: =BE$3 -> 46191 | BH71: =BH$3 -> 46192 | BK71: =BK$3 -> 46193 | BO71: =BO$3 -> 46195 | BR71: =BR$3 -> 46196 | BU71: =BU$3 -> 46197 | BX71: =BX$3 -> 46198 | CA71: =CA$3 -> 46199 | CD71: =CD$3 -> 46200 | CH71: =CH$3 -> 46202 | CK71: =CK$3 -> 46203 | CN71: =CN$3 -> 46204 | CQ71: =CQ$3 -> 46205 | CT71: =CT$3 -> 46206 | CW71: =CW$3 -> 46207 | DA71: =DA$3 -> 46209 | DD71: =DD$3 -> 46210 | DG71: =DG$3 -> 46211 | DJ71: =DJ$3 -> 46212 | DM71: =DM$3 -> 46213 | DP71: =DP$3 -> 46214
A72: =$A$42 -> Đỗ Minh Ngọc | B72: ='Bảng 3'!A252 -> 3.N.HCM.CGIO.KS.203 | C72: =IF($B72="","",INDEX('Bảng 3'!C:C,MATCH($B72,'Bảng 3'!$A:$A,0))) -> Quản lý BIM | D72: =IF($B72="","",INDEX('Bảng 3'!D:D,MATCH($B72,'Bảng 3'!$A:$A,0))) -> N.HCM.CGIO.KS | E72: =IF($B72="","",INDEX('Bảng 3'!E:E,MATCH($B72,'Bảng 3'!$A:$A,0))) -> Khách sạn Ritz Carlton - B5-06-10,11 | F72: =IF($B72="","",INDEX('Bảng 3'!F:F,MATCH($B72,'Bảng 3'!$A:$A,0))) -> KC | G72: =IF($B72="","",INDEX('Bảng 3'!G:G,MATCH($B72,'Bảng 3'!$A:$A,0))) -> Tạo lập mô hình BIM | J72: =J$3 -> 46174 | M72: =M$3 -> 46175 | P72: =P$3 -> 46176 | S72: =S$3 -> 46177 | V72: =V$3 -> 46178 | Y72: =Y$3 -> 46179 | AC72: =AC$3 -> 46181 | AF72: =AF$3 -> 46182 | AI72: =AI$3 -> 46183 | AL72: =AL$3 -> 46184 | AO72: =AO$3 -> 46185 | AR72: =AR$3 -> 46186 | AV72: =AV$3 -> 46188 | AY72: =AY$3 -> 46189 | BB72: =BB$3 -> 46190 | BE72: =BE$3 -> 46191 | BH72: =BH$3 -> 46192 | BK72: =BK$3 -> 46193 | BO72: =BO$3 -> 46195 | BR72: =BR$3 -> 46196 | BU72: =BU$3 -> 46197 | BX72: =BX$3 -> 46198 | CA72: =CA$3 -> 46199 | CD72: =CD$3 -> 46200 | CH72: =CH$3 -> 46202 | CK72: =CK$3 -> 46203 | CN72: =CN$3 -> 46204 | CQ72: =CQ$3 -> 46205 | CT72: =CT$3 -> 46206 | CW72: =CW$3 -> 46207 | DA72: =DA$3 -> 46209 | DD72: =DD$3 -> 46210 | DG72: =DG$3 -> 46211 | DJ72: =DJ$3 -> 46212 | DM72: =DM$3 -> 46213 | DP72: =DP$3 -> 46214
A73: =$A$42 -> Đỗ Minh Ngọc | B73: ='Bảng 3'!A355 -> 3.T.DAN.LVDN.KS.101 | C73: =IF($B73="","",INDEX('Bảng 3'!C:C,MATCH($B73,'Bảng 3'!$A:$A,0))) -> Quản lý BIM | D73: =IF($B73="","",INDEX('Bảng 3'!D:D,MATCH($B73,'Bảng 3'!$A:$A,0))) -> T.DAN.LVDN.KS | E73: =IF($B73="","",INDEX('Bảng 3'!E:E,MATCH($B73,'Bảng 3'!$A:$A,0))) -> KS JW Marriott- Làng Vân (Cao 9 tầng) | F73: =IF($B73="","",INDEX('Bảng 3'!F:F,MATCH($B73,'Bảng 3'!$A:$A,0))) -> KT | G73: =IF($B73="","",INDEX('Bảng 3'!G:G,MATCH($B73,'Bảng 3'!$A:$A,0))) -> Tạo lập mô hình BIM | J73: =J$3 -> 46174 | M73: =M$3 -> 46175 | P73: =P$3 -> 46176 | S73: =S$3 -> 46177 | V73: =V$3 -> 46178 | Y73: =Y$3 -> 46179 | AC73: =AC$3 -> 46181 | AF73: =AF$3 -> 46182 | AI73: =AI$3 -> 46183 | AL73: =AL$3 -> 46184 | AO73: =AO$3 -> 46185 | AR73: =AR$3 -> 46186 | AV73: =AV$3 -> 46188 | AY73: =AY$3 -> 46189 | BB73: =BB$3 -> 46190 | BE73: =BE$3 -> 46191 | BH73: =BH$3 -> 46192 | BK73: =BK$3 -> 46193 | BO73: =BO$3 -> 46195 | BR73: =BR$3 -> 46196 | BU73: =BU$3 -> 46197 | BX73: =BX$3 -> 46198 | CA73: =CA$3 -> 46199 | CD73: =CD$3 -> 46200 | CH73: =CH$3 -> 46202 | CK73: =CK$3 -> 46203 | CN73: =CN$3 -> 46204 | CQ73: =CQ$3 -> 46205 | CT73: =CT$3 -> 46206 | CW73: =CW$3 -> 46207 | DA73: =DA$3 -> 46209 | DD73: =DD$3 -> 46210 | DG73: =DG$3 -> 46211 | DJ73: =DJ$3 -> 46212 | DM73: =DM$3 -> 46213 | DP73: =DP$3 -> 46214
A74: =$A$42 -> Đỗ Minh Ngọc | B74: ='Bảng 3'!A356 -> 3.T.DAN.LVDN.KS.201 | C74: =IF($B74="","",INDEX('Bảng 3'!C:C,MATCH($B74,'Bảng 3'!$A:$A,0))) -> Quản lý BIM | D74: =IF($B74="","",INDEX('Bảng 3'!D:D,MATCH($B74,'Bảng 3'!$A:$A,0))) -> T.DAN.LVDN.KS | E74: =IF($B74="","",INDEX('Bảng 3'!E:E,MATCH($B74,'Bảng 3'!$A:$A,0))) -> KS JW Marriott- Làng Vân (Cao 9 tầng) | F74: =IF($B74="","",INDEX('Bảng 3'!F:F,MATCH($B74,'Bảng 3'!$A:$A,0))) -> KC | G74: =IF($B74="","",INDEX('Bảng 3'!G:G,MATCH($B74,'Bảng 3'!$A:$A,0))) -> Tạo lập mô hình BIM | J74: =J$3 -> 46174 | M74: =M$3 -> 46175 | P74: =P$3 -> 46176 | S74: =S$3 -> 46177 | V74: =V$3 -> 46178 | Y74: =Y$3 -> 46179 | AC74: =AC$3 -> 46181 | AF74: =AF$3 -> 46182 | AI74: =AI$3 -> 46183 | AL74: =AL$3 -> 46184 | AO74: =AO$3 -> 46185 | AR74: =AR$3 -> 46186 | AV74: =AV$3 -> 46188 | AY74: =AY$3 -> 46189 | BB74: =BB$3 -> 46190 | BE74: =BE$3 -> 46191 | BH74: =BH$3 -> 46192 | BK74: =BK$3 -> 46193 | BO74: =BO$3 -> 46195 | BR74: =BR$3 -> 46196 | BU74: =BU$3 -> 46197 | BX74: =BX$3 -> 46198 | CA74: =CA$3 -> 46199 | CD74: =CD$3 -> 46200 | CH74: =CH$3 -> 46202 | CK74: =CK$3 -> 46203 | CN74: =CN$3 -> 46204 | CQ74: =CQ$3 -> 46205 | CT74: =CT$3 -> 46206 | CW74: =CW$3 -> 46207 | DA74: =DA$3 -> 46209 | DD74: =DD$3 -> 46210 | DG74: =DG$3 -> 46211 | DJ74: =DJ$3 -> 46212 | DM74: =DM$3 -> 46213 | DP74: =DP$3 -> 46214
A75: =$A$42 -> Đỗ Minh Ngọc | C75: =IF($B75="","",INDEX('Bảng 3'!C:C,MATCH($B75,'Bảng 3'!$A:$A,0))) | D75: =IF($B75="","",INDEX('Bảng 3'!D:D,MATCH($B75,'Bảng 3'!$A:$A,0))) | E75: =IF($B75="","",INDEX('Bảng 3'!E:E,MATCH($B75,'Bảng 3'!$A:$A,0))) | F75: =IF($B75="","",INDEX('Bảng 3'!F:F,MATCH($B75,'Bảng 3'!$A:$A,0))) | G75: =IF($B75="","",INDEX('Bảng 3'!G:G,MATCH($B75,'Bảng 3'!$A:$A,0))) | J75: =J$3 -> 46174 | M75: =M$3 -> 46175 | P75: =P$3 -> 46176 | S75: =S$3 -> 46177 | V75: =V$3 -> 46178 | Y75: =Y$3 -> 46179 | AC75: =AC$3 -> 46181 | AF75: =AF$3 -> 46182 | AI75: =AI$3 -> 46183 | AL75: =AL$3 -> 46184 | AO75: =AO$3 -> 46185 | AR75: =AR$3 -> 46186 | AV75: =AV$3 -> 46188 | AY75: =AY$3 -> 46189 | BB75: =BB$3 -> 46190 | BE75: =BE$3 -> 46191 | BH75: =BH$3 -> 46192 | BK75: =BK$3 -> 46193 | BO75: =BO$3 -> 46195 | BR75: =BR$3 -> 46196 | BU75: =BU$3 -> 46197 | BX75: =BX$3 -> 46198 | CA75: =CA$3 -> 46199 | CD75: =CD$3 -> 46200 | CH75: =CH$3 -> 46202 | CK75: =CK$3 -> 46203 | CN75: =CN$3 -> 46204 | CQ75: =CQ$3 -> 46205 | CT75: =CT$3 -> 46206 | CW75: =CW$3 -> 46207 | DA75: =DA$3 -> 46209 | DD75: =DD$3 -> 46210 | DG75: =DG$3 -> 46211 | DJ75: =DJ$3 -> 46212 | DM75: =DM$3 -> 46213 | DP75: =DP$3 -> 46214
A76: =$A$42 -> Đỗ Minh Ngọc | C76: =IF($B76="","",INDEX('Bảng 3'!C:C,MATCH($B76,'Bảng 3'!$A:$A,0))) | D76: =IF($B76="","",INDEX('Bảng 3'!D:D,MATCH($B76,'Bảng 3'!$A:$A,0))) | E76: =IF($B76="","",INDEX('Bảng 3'!E:E,MATCH($B76,'Bảng 3'!$A:$A,0))) | F76: =IF($B76="","",INDEX('Bảng 3'!F:F,MATCH($B76,'Bảng 3'!$A:$A,0))) | G76: =IF($B76="","",INDEX('Bảng 3'!G:G,MATCH($B76,'Bảng 3'!$A:$A,0))) | J76: =J$3 -> 46174 | M76: =M$3 -> 46175 | P76: =P$3 -> 46176 | S76: =S$3 -> 46177 | V76: =V$3 -> 46178 | Y76: =Y$3 -> 46179 | AC76: =AC$3 -> 46181 | AF76: =AF$3 -> 46182 | AI76: =AI$3 -> 46183 | AL76: =AL$3 -> 46184 | AO76: =AO$3 -> 46185 | AR76: =AR$3 -> 46186 | AV76: =AV$3 -> 46188 | AY76: =AY$3 -> 46189 | BB76: =BB$3 -> 46190 | BE76: =BE$3 -> 46191 | BH76: =BH$3 -> 46192 | BK76: =BK$3 -> 46193 | BO76: =BO$3 -> 46195 | BR76: =BR$3 -> 46196 | BU76: =BU$3 -> 46197 | BX76: =BX$3 -> 46198 | CA76: =CA$3 -> 46199 | CD76: =CD$3 -> 46200 | CH76: =CH$3 -> 46202 | CK76: =CK$3 -> 46203 | CN76: =CN$3 -> 46204 | CQ76: =CQ$3 -> 46205 | CT76: =CT$3 -> 46206 | CW76: =CW$3 -> 46207 | DA76: =DA$3 -> 46209 | DD76: =DD$3 -> 46210 | DG76: =DG$3 -> 46211 | DJ76: =DJ$3 -> 46212 | DM76: =DM$3 -> 46213 | DP76: =DP$3 -> 46214
A77: =$A$42 -> Đỗ Minh Ngọc | C77: =IF($B77="","",INDEX('Bảng 3'!C:C,MATCH($B77,'Bảng 3'!$A:$A,0))) | D77: =IF($B77="","",INDEX('Bảng 3'!D:D,MATCH($B77,'Bảng 3'!$A:$A,0))) | E77: =IF($B77="","",INDEX('Bảng 3'!E:E,MATCH($B77,'Bảng 3'!$A:$A,0))) | F77: =IF($B77="","",INDEX('Bảng 3'!F:F,MATCH($B77,'Bảng 3'!$A:$A,0))) | G77: =IF($B77="","",INDEX('Bảng 3'!G:G,MATCH($B77,'Bảng 3'!$A:$A,0))) | J77: =J$3 -> 46174 | M77: =M$3 -> 46175 | P77: =P$3 -> 46176 | S77: =S$3 -> 46177 | V77: =V$3 -> 46178 | Y77: =Y$3 -> 46179 | AC77: =AC$3 -> 46181 | AF77: =AF$3 -> 46182 | AI77: =AI$3 -> 46183 | AL77: =AL$3 -> 46184 | AO77: =AO$3 -> 46185 | AR77: =AR$3 -> 46186 | AV77: =AV$3 -> 46188 | AY77: =AY$3 -> 46189 | BB77: =BB$3 -> 46190 | BE77: =BE$3 -> 46191 | BH77: =BH$3 -> 46192 | BK77: =BK$3 -> 46193 | BO77: =BO$3 -> 46195 | BR77: =BR$3 -> 46196 | BU77: =BU$3 -> 46197 | BX77: =BX$3 -> 46198 | CA77: =CA$3 -> 46199 | CD77: =CD$3 -> 46200 | CH77: =CH$3 -> 46202 | CK77: =CK$3 -> 46203 | CN77: =CN$3 -> 46204 | CQ77: =CQ$3 -> 46205 | CT77: =CT$3 -> 46206 | CW77: =CW$3 -> 46207 | DA77: =DA$3 -> 46209 | DD77: =DD$3 -> 46210 | DG77: =DG$3 -> 46211 | DJ77: =DJ$3 -> 46212 | DM77: =DM$3 -> 46213 | DP77: =DP$3 -> 46214
A78: =$A$42 -> Đỗ Minh Ngọc | C78: =IF($B78="","",INDEX('Bảng 3'!C:C,MATCH($B78,'Bảng 3'!$A:$A,0))) | D78: =IF($B78="","",INDEX('Bảng 3'!D:D,MATCH($B78,'Bảng 3'!$A:$A,0))) | E78: =IF($B78="","",INDEX('Bảng 3'!E:E,MATCH($B78,'Bảng 3'!$A:$A,0))) | F78: =IF($B78="","",INDEX('Bảng 3'!F:F,MATCH($B78,'Bảng 3'!$A:$A,0))) | G78: =IF($B78="","",INDEX('Bảng 3'!G:G,MATCH($B78,'Bảng 3'!$A:$A,0))) | J78: =J$3 -> 46174 | M78: =M$3 -> 46175 | P78: =P$3 -> 46176 | S78: =S$3 -> 46177 | V78: =V$3 -> 46178 | Y78: =Y$3 -> 46179 | AC78: =AC$3 -> 46181 | AF78: =AF$3 -> 46182 | AI78: =AI$3 -> 46183 | AL78: =AL$3 -> 46184 | AO78: =AO$3 -> 46185 | AR78: =AR$3 -> 46186 | AV78: =AV$3 -> 46188 | AY78: =AY$3 -> 46189 | BB78: =BB$3 -> 46190 | BE78: =BE$3 -> 46191 | BH78: =BH$3 -> 46192 | BK78: =BK$3 -> 46193 | BO78: =BO$3 -> 46195 | BR78: =BR$3 -> 46196 | BU78: =BU$3 -> 46197 | BX78: =BX$3 -> 46198 | CA78: =CA$3 -> 46199 | CD78: =CD$3 -> 46200 | CH78: =CH$3 -> 46202 | CK78: =CK$3 -> 46203 | CN78: =CN$3 -> 46204 | CQ78: =CQ$3 -> 46205 | CT78: =CT$3 -> 46206 | CW78: =CW$3 -> 46207 | DA78: =DA$3 -> 46209 | DD78: =DD$3 -> 46210 | DG78: =DG$3 -> 46211 | DJ78: =DJ$3 -> 46212 | DM78: =DM$3 -> 46213 | DP78: =DP$3 -> 46214
A79: =$A$42 -> Đỗ Minh Ngọc | C79: Công việc khác | D79: N/A | E79: N/A | F79: N/A | G79: N/A | J79: =J$3 -> 46174 | K79: Checklist công việc, đầu việc cá nhân, nhập liệu các dự án và tiến độ vào bảng WM mới | L79: 0.5 | M79: =M$3 -> 46175 | N79: Nhập liệu lại các đầu việc vào sheet XD bảng WM mới | O79: 0.25 | P79: =P$3 -> 46176 | S79: =S$3 -> 46177 | V79: =V$3 -> 46178 | Y79: =Y$3 -> 46179 | AC79: =AC$3 -> 46181 | AF79: =AF$3 -> 46182 | AI79: =AI$3 -> 46183 | AL79: =AL$3 -> 46184 | AO79: =AO$3 -> 46185 | AR79: =AR$3 -> 46186 | AV79: =AV$3 -> 46188 | AY79: =AY$3 -> 46189 | BB79: =BB$3 -> 46190 | BE79: =BE$3 -> 46191 | BH79: =BH$3 -> 46192 | BK79: =BK$3 -> 46193 | BO79: =BO$3 -> 46195 | BR79: =BR$3 -> 46196 | BU79: =BU$3 -> 46197 | BX79: =BX$3 -> 46198 | CA79: =CA$3 -> 46199 | CD79: =CD$3 -> 46200 | CH79: =CH$3 -> 46202 | CK79: =CK$3 -> 46203 | CN79: =CN$3 -> 46204 | CQ79: =CQ$3 -> 46205 | CT79: =CT$3 -> 46206 | CW79: =CW$3 -> 46207 | DA79: =DA$3 -> 46209 | DD79: =DD$3 -> 46210 | DG79: =DG$3 -> 46211 | DJ79: =DJ$3 -> 46212 | DM79: =DM$3 -> 46213 | DP79: =DP$3 -> 46214
A80: Nguyễn Hải Nam | C80: =IF($B80="","",INDEX('Bảng 3'!C:C,MATCH($B80,'Bảng 3'!$A:$A,0))) | D80: =IF($B80="","",INDEX('Bảng 3'!D:D,MATCH($B80,'Bảng 3'!$A:$A,0))) | E80: =IF($B80="","",INDEX('Bảng 3'!E:E,MATCH($B80,'Bảng 3'!$A:$A,0))) | F80: =IF($B80="","",INDEX('Bảng 3'!F:F,MATCH($B80,'Bảng 3'!$A:$A,0))) | G80: =IF($B80="","",INDEX('Bảng 3'!G:G,MATCH($B80,'Bảng 3'!$A:$A,0))) | J80: =J$3 -> 46174 | L80: =SUM(L81:L112) -> 8 | M80: =M$3 -> 46175 | O80: =SUM(O81:O112) -> 9 | P80: =P$3 -> 46176 | R80: =SUM(R81:R112) -> 0 | S80: =S$3 -> 46177 | U80: =SUM(U81:U112) -> 0 | V80: =V$3 -> 46178 | X80: =SUM(X81:X112) -> 0 | Y80: =Y$3 -> 46179 | AA80: =SUM(AA81:AA112) -> 0 | AC80: =AC$3 -> 46181 | AE80: =SUM(AE81:AE112) -> 0 | AF80: =AF$3 -> 46182 | AH80: =SUM(AH81:AH112) -> 0 | AI80: =AI$3 -> 46183 | AK80: =SUM(AK81:AK112) -> 0 | AL80: =AL$3 -> 46184 | AN80: =SUM(AN81:AN112) -> 0 | AO80: =AO$3 -> 46185 | AQ80: =SUM(AQ81:AQ112) -> 0 | AR80: =AR$3 -> 46186 | AT80: =SUM(AT81:AT112) -> 0 | AV80: =AV$3 -> 46188 | AX80: =SUM(AX81:AX112) -> 0 | AY80: =AY$3 -> 46189 | BA80: =SUM(BA81:BA112) -> 0 | BB80: =BB$3 -> 46190 | BD80: =SUM(BD81:BD112) -> 0 | BE80: =BE$3 -> 46191 | BG80: =SUM(BG81:BG112) -> 0 | BH80: =BH$3 -> 46192 | BJ80: =SUM(BJ81:BJ112) -> 0 | BK80: =BK$3 -> 46193 | BM80: =SUM(BM81:BM112) -> 0 | BO80: =BO$3 -> 46195 | BQ80: =SUM(BQ81:BQ112) -> 0 | BR80: =BR$3 -> 46196 | BT80: =SUM(BT81:BT112) -> 0 | BU80: =BU$3 -> 46197 | BW80: =SUM(BW81:BW112) -> 0 | BX80: =BX$3 -> 46198 | BZ80: =SUM(BZ81:BZ112) -> 0 | CA80: =CA$3 -> 46199 | CC80: =SUM(CC81:CC112) -> 0 | CD80: =CD$3 -> 46200 | CF80: =SUM(CF81:CF112) -> 0 | CH80: =CH$3 -> 46202 | CJ80: =SUM(CJ81:CJ112) -> 0 | CK80: =CK$3 -> 46203 | CM80: =SUM(CM81:CM112) -> 0 | CN80: =CN$3 -> 46204 | CP80: =SUM(CP81:CP112) -> 0 | CQ80: =CQ$3 -> 46205 | CS80: =SUM(CS81:CS112) -> 0 | CT80: =CT$3 -> 46206 | CV80: =SUM(CV81:CV112) -> 0 | CW80: =CW$3 -> 46207 | CY80: =SUM(CY81:CY112) -> 0 | DA80: =DA$3 -> 46209 | DC80: =SUM(DC81:DC112) -> 0 | DD80: =DD$3 -> 46210 | DF80: =SUM(DF81:DF112) -> 0 | DG80: =DG$3 -> 46211 | DI80: =SUM(DI81:DI112) -> 0 | DJ80: =DJ$3 -> 46212 | DL80: =SUM(DL81:DL112) -> 0 | DM80: =DM$3 -> 46213 | DO80: =SUM(DO81:DO112) -> 0 | DP80: =DP$3 -> 46214 | DR80: =SUM(DR81:DR112) -> 0
A81: =$A$80 -> Nguyễn Hải Nam | B81: ='Bảng 3'!A337 -> 3.N.HCM.Q9.VP.201 | C81: =IF($B81="","",INDEX('Bảng 3'!C:C,MATCH($B81,'Bảng 3'!$A:$A,0))) -> Quản lý BIM | D81: =IF($B81="","",INDEX('Bảng 3'!D:D,MATCH($B81,'Bảng 3'!$A:$A,0))) -> N.HCM.Q9.VP | E81: =IF($B81="","",INDEX('Bảng 3'!E:E,MATCH($B81,'Bảng 3'!$A:$A,0))) -> Toà văn phòng 43 tầng | F81: =IF($B81="","",INDEX('Bảng 3'!F:F,MATCH($B81,'Bảng 3'!$A:$A,0))) -> KC | G81: =IF($B81="","",INDEX('Bảng 3'!G:G,MATCH($B81,'Bảng 3'!$A:$A,0))) -> Xuất khối lượng từ mô hình BIM | J81: =J$3 -> 46174 | K81: Xuất khối lượng bê tông từ mô hình. | L81: 1 | M81: =M$3 -> 46175 | P81: =P$3 -> 46176 | S81: =S$3 -> 46177 | V81: =V$3 -> 46178 | Y81: =Y$3 -> 46179 | AC81: =AC$3 -> 46181 | AF81: =AF$3 -> 46182 | AI81: =AI$3 -> 46183 | AL81: =AL$3 -> 46184 | AO81: =AO$3 -> 46185 | AR81: =AR$3 -> 46186 | AV81: =AV$3 -> 46188 | AY81: =AY$3 -> 46189 | BB81: =BB$3 -> 46190 | BE81: =BE$3 -> 46191 | BH81: =BH$3 -> 46192 | BK81: =BK$3 -> 46193 | BO81: =BO$3 -> 46195 | BR81: =BR$3 -> 46196 | BU81: =BU$3 -> 46197 | BX81: =BX$3 -> 46198 | CA81: =CA$3 -> 46199 | CD81: =CD$3 -> 46200 | CH81: =CH$3 -> 46202 | CK81: =CK$3 -> 46203 | CN81: =CN$3 -> 46204 | CQ81: =CQ$3 -> 46205 | CT81: =CT$3 -> 46206 | CW81: =CW$3 -> 46207 | DA81: =DA$3 -> 46209 | DD81: =DD$3 -> 46210 | DG81: =DG$3 -> 46211 | DJ81: =DJ$3 -> 46212 | DM81: =DM$3 -> 46213 | DP81: =DP$3 -> 46214
A82: =$A$80 -> Nguyễn Hải Nam | B82: ='Bảng 3'!A338 -> 3.N.HCM.Q9.VP.202 | C82: =IF($B82="","",INDEX('Bảng 3'!C:C,MATCH($B82,'Bảng 3'!$A:$A,0))) -> Quản lý BIM | D82: =IF($B82="","",INDEX('Bảng 3'!D:D,MATCH($B82,'Bảng 3'!$A:$A,0))) -> N.HCM.Q9.VP | E82: =IF($B82="","",INDEX('Bảng 3'!E:E,MATCH($B82,'Bảng 3'!$A:$A,0))) -> Toà văn phòng 43 tầng | F82: =IF($B82="","",INDEX('Bảng 3'!F:F,MATCH($B82,'Bảng 3'!$A:$A,0))) -> KC | G82: =IF($B82="","",INDEX('Bảng 3'!G:G,MATCH($B82,'Bảng 3'!$A:$A,0))) -> Cập nhật thông tin mô hình BIM | J82: =J$3 -> 46174 | K82: Mô hình từ 2024 khi chưa áp dụng BOQ. | L82: 7 | M82: =M$3 -> 46175 | P82: =P$3 -> 46176 | S82: =S$3 -> 46177 | V82: =V$3 -> 46178 | Y82: =Y$3 -> 46179 | AC82: =AC$3 -> 46181 | AF82: =AF$3 -> 46182 | AI82: =AI$3 -> 46183 | AL82: =AL$3 -> 46184 | AO82: =AO$3 -> 46185 | AR82: =AR$3 -> 46186 | AV82: =AV$3 -> 46188 | AY82: =AY$3 -> 46189 | BB82: =BB$3 -> 46190 | BE82: =BE$3 -> 46191 | BH82: =BH$3 -> 46192 | BK82: =BK$3 -> 46193 | BO82: =BO$3 -> 46195 | BR82: =BR$3 -> 46196 | BU82: =BU$3 -> 46197 | BX82: =BX$3 -> 46198 | CA82: =CA$3 -> 46199 | CD82: =CD$3 -> 46200 | CH82: =CH$3 -> 46202 | CK82: =CK$3 -> 46203 | CN82: =CN$3 -> 46204 | CQ82: =CQ$3 -> 46205 | CT82: =CT$3 -> 46206 | CW82: =CW$3 -> 46207 | DA82: =DA$3 -> 46209 | DD82: =DD$3 -> 46210 | DG82: =DG$3 -> 46211 | DJ82: =DJ$3 -> 46212 | DM82: =DM$3 -> 46213 | DP82: =DP$3 -> 46214
A83: =$A$80 -> Nguyễn Hải Nam | B83: ='Bảng 3'!A212 -> 3.B.TQU.VPTQ.VP.201 | C83: =IF($B83="","",INDEX('Bảng 3'!C:C,MATCH($B83,'Bảng 3'!$A:$A,0))) -> Quản lý BIM | D83: =IF($B83="","",INDEX('Bảng 3'!D:D,MATCH($B83,'Bảng 3'!$A:$A,0))) -> B.TQU.VPTQ.VP | E83: =IF($B83="","",INDEX('Bảng 3'!E:E,MATCH($B83,'Bảng 3'!$A:$A,0))) -> Lô C.TM11 | F83: =IF($B83="","",INDEX('Bảng 3'!F:F,MATCH($B83,'Bảng 3'!$A:$A,0))) -> KC | G83: =IF($B83="","",INDEX('Bảng 3'!G:G,MATCH($B83,'Bảng 3'!$A:$A,0))) -> Xuất khối lượng từ mô hình BIM | J83: =J$3 -> 46174 | M83: =M$3 -> 46175 | N83: Xuất khối lượng bê tông từ mô hình. | O83: 1 | P83: =P$3 -> 46176 | S83: =S$3 -> 46177 | V83: =V$3 -> 46178 | Y83: =Y$3 -> 46179 | AC83: =AC$3 -> 46181 | AF83: =AF$3 -> 46182 | AI83: =AI$3 -> 46183 | AL83: =AL$3 -> 46184 | AO83: =AO$3 -> 46185 | AR83: =AR$3 -> 46186 | AV83: =AV$3 -> 46188 | AY83: =AY$3 -> 46189 | BB83: =BB$3 -> 46190 | BE83: =BE$3 -> 46191 | BH83: =BH$3 -> 46192 | BK83: =BK$3 -> 46193 | BO83: =BO$3 -> 46195 | BR83: =BR$3 -> 46196 | BU83: =BU$3 -> 46197 | BX83: =BX$3 -> 46198 | CA83: =CA$3 -> 46199 | CD83: =CD$3 -> 46200 | CH83: =CH$3 -> 46202 | CK83: =CK$3 -> 46203 | CN83: =CN$3 -> 46204 | CQ83: =CQ$3 -> 46205 | CT83: =CT$3 -> 46206 | CW83: =CW$3 -> 46207 | DA83: =DA$3 -> 46209 | DD83: =DD$3 -> 46210 | DG83: =DG$3 -> 46211 | DJ83: =DJ$3 -> 46212 | DM83: =DM$3 -> 46213 | DP83: =DP$3 -> 46214
A84: =$A$80 -> Nguyễn Hải Nam | B84: ='Bảng 3'!A213 -> 3.B.TQU.VPTQ.VP.202 | C84: =IF($B84="","",INDEX('Bảng 3'!C:C,MATCH($B84,'Bảng 3'!$A:$A,0))) -> Quản lý BIM | D84: =IF($B84="","",INDEX('Bảng 3'!D:D,MATCH($B84,'Bảng 3'!$A:$A,0))) -> B.TQU.VPTQ.VP | E84: =IF($B84="","",INDEX('Bảng 3'!E:E,MATCH($B84,'Bảng 3'!$A:$A,0))) -> Lô C.TM11 | F84: =IF($B84="","",INDEX('Bảng 3'!F:F,MATCH($B84,'Bảng 3'!$A:$A,0))) -> KC | G84: =IF($B84="","",INDEX('Bảng 3'!G:G,MATCH($B84,'Bảng 3'!$A:$A,0))) -> Cập nhật thông tin mô hình BIM | J84: =J$3 -> 46174 | M84: =M$3 -> 46175 | N84: Mô hình thiếu / sai so với hồ sơ thi công. | O84: 6 | P84: =P$3 -> 46176 | S84: =S$3 -> 46177 | V84: =V$3 -> 46178 | Y84: =Y$3 -> 46179 | AC84: =AC$3 -> 46181 | AF84: =AF$3 -> 46182 | AI84: =AI$3 -> 46183 | AL84: =AL$3 -> 46184 | AO84: =AO$3 -> 46185 | AR84: =AR$3 -> 46186 | AV84: =AV$3 -> 46188 | AY84: =AY$3 -> 46189 | BB84: =BB$3 -> 46190 | BE84: =BE$3 -> 46191 | BH84: =BH$3 -> 46192 | BK84: =BK$3 -> 46193 | BO84: =BO$3 -> 46195 | BR84: =BR$3 -> 46196 | BU84: =BU$3 -> 46197 | BX84: =BX$3 -> 46198 | CA84: =CA$3 -> 46199 | CD84: =CD$3 -> 46200 | CH84: =CH$3 -> 46202 | CK84: =CK$3 -> 46203 | CN84: =CN$3 -> 46204 | CQ84: =CQ$3 -> 46205 | CT84: =CT$3 -> 46206 | CW84: =CW$3 -> 46207 | DA84: =DA$3 -> 46209 | DD84: =DD$3 -> 46210 | DG84: =DG$3 -> 46211 | DJ84: =DJ$3 -> 46212 | DM84: =DM$3 -> 46213 | DP84: =DP$3 -> 46214
A85: =$A$80 -> Nguyễn Hải Nam | B85: ='Bảng 3'!A43 -> 3.B.DSHNQN.STA.105 | C85: =IF($B85="","",INDEX('Bảng 3'!C:C,MATCH($B85,'Bảng 3'!$A:$A,0))) -> Quản lý BIM | D85: =IF($B85="","",INDEX('Bảng 3'!D:D,MATCH($B85,'Bảng 3'!$A:$A,0))) -> B.DSHNQN.STA | E85: =IF($B85="","",INDEX('Bảng 3'!E:E,MATCH($B85,'Bảng 3'!$A:$A,0))) -> Nhà ga Yên Tử | F85: =IF($B85="","",INDEX('Bảng 3'!F:F,MATCH($B85,'Bảng 3'!$A:$A,0))) -> KT | G85: =IF($B85="","",INDEX('Bảng 3'!G:G,MATCH($B85,'Bảng 3'!$A:$A,0))) -> Tạo lập mô hình BIM | J85: =J$3 -> 46174 | M85: =M$3 -> 46175 | P85: =P$3 -> 46176 | S85: =S$3 -> 46177 | V85: =V$3 -> 46178 | Y85: =Y$3 -> 46179 | AC85: =AC$3 -> 46181 | AF85: =AF$3 -> 46182 | AI85: =AI$3 -> 46183 | AL85: =AL$3 -> 46184 | AO85: =AO$3 -> 46185 | AR85: =AR$3 -> 46186 | AV85: =AV$3 -> 46188 | AY85: =AY$3 -> 46189 | BB85: =BB$3 -> 46190 | BE85: =BE$3 -> 46191 | BH85: =BH$3 -> 46192 | BK85: =BK$3 -> 46193 | BO85: =BO$3 -> 46195 | BR85: =BR$3 -> 46196 | BU85: =BU$3 -> 46197 | BX85: =BX$3 -> 46198 | CA85: =CA$3 -> 46199 | CD85: =CD$3 -> 46200 | CH85: =CH$3 -> 46202 | CK85: =CK$3 -> 46203 | CN85: =CN$3 -> 46204 | CQ85: =CQ$3 -> 46205 | CT85: =CT$3 -> 46206 | CW85: =CW$3 -> 46207 | DA85: =DA$3 -> 46209 | DD85: =DD$3 -> 46210 | DG85: =DG$3 -> 46211 | DJ85: =DJ$3 -> 46212 | DM85: =DM$3 -> 46213 | DP85: =DP$3 -> 46214
